id,workspace_id,user_id,twitter_id,text,source,retweet,geo,longitude,latitude,place_type,place_name,place_country_code,place_country,favorite_count,retweet_count,sentiment,possibly_sensitive,lang,posted_at,updated_at,created_at,
84,2,1,827878701522121000,0,Twitter for Android,false,false,,,,,,,0,0,,false,en,2017-02-04 13:57:18 +0000,2017-02-14 23:28:54 +0000,2017-02-14 23:28:54 +0000,
86,2,1,827874049946681000,0,Twitter for Android,false,false,,,,,,,0,0,,false,en,2017-02-04 13:38:49 +0000,2017-02-14 23:28:54 +0000,2017-02-14 23:28:54 +0000,
89,2,1,827680396678722000,0,Twitter Web Client,false,false,,,,,,,2,0,,false,es,2017-02-04 00:49:18 +0000,2017-02-14 23:28:54 +0000,2017-02-14 23:28:54 +0000,
93,2,1,827593034279830000,0,Twitter for Android,true,false,,,,,,,0,10,,false,en,2017-02-03 19:02:09 +0000,2017-02-14 23:28:54 +0000,2017-02-14 23:28:54 +0000,
95,2,1,827687982975037000,0,Twitter for Android,true,false,,,,,,,0,2,,false,en,2017-02-04 01:19:27 +0000,2017-02-14 23:28:54 +0000,2017-02-14 23:28:54 +0000,
97,2,1,827520872818811000,0,Twitter Web Client,false,false,,,,,,,1,1,,false,es,2017-02-03 14:15:25 +0000,2017-02-14 23:28:54 +0000,2017-02-14 23:28:54 +0000,
100,2,1,827494840938144000,0,Twitter Web Client,false,false,,,,,,,0,0,,false,es,2017-02-03 12:31:58 +0000,2017-02-14 23:28:54 +0000,2017-02-14 23:28:54 +0000,
102,2,1,827475285306114000,0,Twitter for Android,false,false,,,,,,,0,0,,false,lt,2017-02-03 11:14:16 +0000,2017-02-14 23:28:54 +0000,2017-02-14 23:28:54 +0000,
104,2,1,827279947030950000,0,Twitter for Android,false,false,,,,,,,4,0,,false,es,2017-02-02 22:18:04 +0000,2017-02-14 23:28:54 +0000,2017-02-14 23:28:54 +0000,
112,2,1,826845360337408000,0,Twitter Web Client,false,false,,,,,,,0,1,,false,es,2017-02-01 17:31:10 +0000,2017-02-14 23:28:54 +0000,2017-02-14 23:28:54 +0000,
114,2,1,826786646389559000,0,Twitter Web Client,true,false,,,,,,,0,93,,false,es,2017-02-01 13:37:52 +0000,2017-02-14 23:28:54 +0000,2017-02-14 23:28:54 +0000,
109,2,1,826856916877984000,0,Twitter for Android,false,false,,,,,,,1,0,,false,es,2017-02-01 18:17:05 +0000,2017-02-14 23:28:54 +0000,2017-02-14 23:28:54 +0000,
117,2,1,826547559267181000,0,Twitter Web Client,false,false,,,,,,,0,1,,false,es,2017-01-31 21:47:49 +0000,2017-02-14 23:28:54 +0000,2017-02-14 23:28:54 +0000,
124,2,1,826469037009932000,0,Twitter Web Client,false,false,,,,,,,0,0,,false,ja,2017-01-31 16:35:48 +0000,2017-02-14 23:28:54 +0000,2017-02-14 23:28:54 +0000,
122,2,1,826518809641157000,0,Twitter for Android,false,false,,,,,,,6,4,,false,es,2017-01-31 19:53:34 +0000,2017-02-14 23:28:54 +0000,2017-02-14 23:28:54 +0000,
129,2,1,826448586523177000,0,Twitter Web Client,false,false,,,,,,,1,0,,false,en,2017-01-31 15:14:32 +0000,2017-02-14 23:28:54 +0000,2017-02-14 23:28:54 +0000,
120,2,1,826516987098587000,0,Twitter for Android,false,false,,,,,,,0,0,,false,en,2017-01-31 19:46:20 +0000,2017-02-14 23:28:54 +0000,2017-02-14 23:28:54 +0000,
130,2,1,826178988259365000,0,Affinitweet.com,false,false,,,,,,,4,0,,false,en,2017-01-30 21:23:15 +0000,2017-02-14 23:28:54 +0000,2017-02-14 23:28:54 +0000,
79,2,1,827967920147927000,0,Twitter for Android,false,false,,,,,,,2,2,,false,es,2017-02-04 19:51:49 +0000,2017-02-14 23:28:54 +0000,2017-02-14 23:28:54 +0000,
80,2,1,827958106659361000,0,Twitter for Android,false,false,,,,,,,0,0,,false,en,2017-02-04 19:12:50 +0000,2017-02-14 23:28:54 +0000,2017-02-14 23:28:54 +0000,
82,2,1,827883920318460000,0,Twitter for Android,false,false,,,,,,,0,0,,false,en,2017-02-04 14:18:02 +0000,2017-02-14 23:28:54 +0000,2017-02-14 23:28:54 +0000,
90,2,1,827608921682669000,0,Twitter for Android,true,false,,,,,,,0,10,,false,en,2017-02-03 20:05:17 +0000,2017-02-14 23:28:54 +0000,2017-02-14 23:28:54 +0000,
85,2,1,827884346954613000,0,Twitter for Android,false,false,,,,,,,0,0,,false,en,2017-02-04 14:19:44 +0000,2017-02-14 23:28:54 +0000,2017-02-14 23:28:54 +0000,
88,2,1,827688235409236000,0,Twitter for Android,false,false,,,,,,,0,0,,false,en,2017-02-04 01:20:27 +0000,2017-02-14 23:28:54 +0000,2017-02-14 23:28:54 +0000,
92,2,1,827593666608796000,0,Twitter for Android,false,false,,,,,,,0,0,,false,es,2017-02-03 19:04:40 +0000,2017-02-14 23:28:54 +0000,2017-02-14 23:28:54 +0000,
96,2,1,827510431384207000,0,Twitter Web Client,false,false,,,,,,,1,1,,false,en,2017-02-03 13:33:55 +0000,2017-02-14 23:28:54 +0000,2017-02-14 23:28:54 +0000,
99,2,1,827509304886493000,0,Twitter Web Client,false,false,,,,,,,2,2,,false,es,2017-02-03 13:29:27 +0000,2017-02-14 23:28:54 +0000,2017-02-14 23:28:54 +0000,
106,2,1,827150665134854000,0,Twitter Web Client,false,false,,,,,,,4,4,,false,es,2017-02-02 13:44:20 +0000,2017-02-14 23:28:54 +0000,2017-02-14 23:28:54 +0000,
108,2,1,827149640202121000,0,Twitter Web Client,true,false,,,,,,,0,143,,false,en,2017-02-02 13:40:16 +0000,2017-02-14 23:28:54 +0000,2017-02-14 23:28:54 +0000,
107,2,1,827138329355379000,0,Twitter for Android,false,false,,,,,,,0,0,,false,ro,2017-02-02 12:55:19 +0000,2017-02-14 23:28:54 +0000,2017-02-14 23:28:54 +0000,
110,2,1,826961323376464000,0,Twitter Web Client,false,false,,,,,,,4,0,,false,und,2017-02-02 01:11:58 +0000,2017-02-14 23:28:54 +0000,2017-02-14 23:28:54 +0000,
113,2,1,826798277530178000,0,Twitter Web Client,true,false,,,,,,,0,23798,,false,en,2017-02-01 14:24:05 +0000,2017-02-14 23:28:54 +0000,2017-02-14 23:28:54 +0000,
116,2,1,826783641883787000,0,Twitter Web Client,false,false,,,,,,,0,0,,false,en,2017-02-01 13:25:55 +0000,2017-02-14 23:28:54 +0000,2017-02-14 23:28:54 +0000,
118,2,1,826522313453666000,0,Twitter for Android,false,false,,,,,,,0,0,,false,en,2017-01-31 20:07:30 +0000,2017-02-14 23:28:54 +0000,2017-02-14 23:28:54 +0000,
121,2,1,826472666186076000,0,Twitter Web Client,false,false,,,,,,,1,0,,false,en,2017-01-31 16:50:13 +0000,2017-02-14 23:28:54 +0000,2017-02-14 23:28:54 +0000,
123,2,1,826457708970783000,0,Twitter Web Client,false,false,,,,,,,2,1,,false,es,2017-01-31 15:50:47 +0000,2017-02-14 23:28:54 +0000,2017-02-14 23:28:54 +0000,
125,2,1,826433244283433000,0,Twitter Web Client,false,false,,,,,,,1,0,,false,en,2017-01-31 14:13:34 +0000,2017-02-14 23:28:54 +0000,2017-02-14 23:28:54 +0000,
127,2,1,826431303566422000,0,Twitter Web Client,false,false,,,,,,,0,0,,false,es,2017-01-31 14:05:51 +0000,2017-02-14 23:28:54 +0000,2017-02-14 23:28:54 +0000,
132,2,1,826179380418327000,0,Twitter Web Client,false,false,,,,,,,0,0,,false,tl,2017-01-30 21:24:48 +0000,2017-02-14 23:28:54 +0000,2017-02-14 23:28:54 +0000,
131,2,1,826091372868403000,0,Twitter for Android,false,false,,,,,,,1,1,,false,es,2017-01-30 15:35:05 +0000,2017-02-14 23:28:54 +0000,2017-02-14 23:28:54 +0000,
134,2,1,826048979058250000,0,Twitter for Android,false,false,,,,,,,0,0,,false,en,2017-01-30 12:46:38 +0000,2017-02-14 23:28:54 +0000,2017-02-14 23:28:54 +0000,
1041,3,7,826250592129524000,0,Twitter Web Client,false,false,,,,,,,0,0,,false,es,2017-01-31 02:07:46 +0000,2017-02-20 01:53:18 +0000,2017-02-20 01:53:18 +0000,
81,2,1,827935998269129000,0,Twitter for Android,true,false,,,,,,,0,25690,,false,en,2017-02-04 17:44:58 +0000,2017-02-14 23:28:54 +0000,2017-02-14 23:28:54 +0000,
87,2,1,827873088704487000,0,Twitter for Android,false,false,,,,,,,1,1,,false,es,2017-02-04 13:35:00 +0000,2017-02-14 23:28:54 +0000,2017-02-14 23:28:54 +0000,
91,2,1,827608592379421000,0,Twitter for Android,true,false,,,,,,,0,14,,false,en,2017-02-03 20:03:59 +0000,2017-02-14 23:28:54 +0000,2017-02-14 23:28:54 +0000,
94,2,1,827552546805973000,0,Twitter Web Client,false,false,,,,,,,0,0,,false,en,2017-02-03 16:21:16 +0000,2017-02-14 23:28:54 +0000,2017-02-14 23:28:54 +0000,
98,2,1,827509878440808000,0,Twitter Web Client,false,false,,,,,,,2,5,,false,es,2017-02-03 13:31:44 +0000,2017-02-14 23:28:54 +0000,2017-02-14 23:28:54 +0000,
101,2,1,827486953683689000,0,Twitter Web Client,false,false,,,,,,,1,0,,false,en,2017-02-03 12:00:38 +0000,2017-02-14 23:28:54 +0000,2017-02-14 23:28:54 +0000,
103,2,1,827315344159232000,0,Twitter for Android,false,false,,,,,,,6,1,,false,es,2017-02-03 00:38:43 +0000,2017-02-14 23:28:54 +0000,2017-02-14 23:28:54 +0000,
105,2,1,827209887335727000,0,Twitter for Android,true,false,,,,,,,0,7,,false,en,2017-02-02 17:39:40 +0000,2017-02-14 23:28:54 +0000,2017-02-14 23:28:54 +0000,
111,2,1,826848922807259000,0,Twitter Web Client,false,false,,,,,,,0,0,,false,es,2017-02-01 17:45:19 +0000,2017-02-14 23:28:54 +0000,2017-02-14 23:28:54 +0000,
119,2,1,826782289677996000,0,Twitter Web Client,false,false,,,,,,,0,1,,false,es,2017-02-01 13:20:33 +0000,2017-02-14 23:28:54 +0000,2017-02-14 23:28:54 +0000,
115,2,1,826845074415821000,0,Twitter Web Client,true,false,,,,,,,0,8,,false,es,2017-02-01 17:30:02 +0000,2017-02-14 23:28:54 +0000,2017-02-14 23:28:54 +0000,
126,2,1,826431400115057000,0,Twitter Web Client,false,false,,,,,,,0,2,,false,en,2017-01-31 14:06:14 +0000,2017-02-14 23:28:54 +0000,2017-02-14 23:28:54 +0000,
128,2,1,826179563168215000,0,Twitter Web Client,false,false,,,,,,,1,0,,false,en,2017-01-30 21:25:32 +0000,2017-02-14 23:28:54 +0000,2017-02-14 23:28:54 +0000,
133,2,1,826090600923615000,0,Twitter for Android,false,false,,,,,,,0,0,,false,en,2017-01-30 15:32:01 +0000,2017-02-14 23:28:54 +0000,2017-02-14 23:28:54 +0000,
1035,3,7,826970645070221000,0,Twitter Web Client,false,false,,,,,,,0,0,,false,und,2017-02-02 01:49:00 +0000,2017-02-20 01:53:18 +0000,2017-02-20 01:53:18 +0000,
1031,3,7,827320088617431000,0,Twitter Web Client,false,false,,,,,,,0,1,,false,es,2017-02-03 00:57:34 +0000,2017-02-20 01:53:18 +0000,2017-02-20 01:53:18 +0000,
1029,3,7,827325671529706000,0,Twitter Web Client,false,false,,,,,,,0,0,,false,eu,2017-02-03 01:19:45 +0000,2017-02-20 01:53:18 +0000,2017-02-20 01:53:18 +0000,
1032,3,7,826845752811016000,0,Twitter Web Client,true,false,,,,,,,0,1,,false,es,2017-02-01 17:32:44 +0000,2017-02-20 01:53:18 +0000,2017-02-20 01:53:18 +0000,
1034,3,7,826807816878961000,0,Twitter Web Client,false,false,,,,,,,12,26,,false,es,2017-02-01 15:01:59 +0000,2017-02-20 01:53:18 +0000,2017-02-20 01:53:18 +0000,
1033,3,7,826845732065907000,0,Twitter Web Client,true,false,,,,,,,0,1,,false,es,2017-02-01 17:32:39 +0000,2017-02-20 01:53:18 +0000,2017-02-20 01:53:18 +0000,
1037,3,7,826975193922929000,0,Twitter Web Client,false,false,,,,,,,0,0,,false,und,2017-02-02 02:07:05 +0000,2017-02-20 01:53:18 +0000,2017-02-20 01:53:18 +0000,
1036,3,7,826610919975317000,0,Twitter Web Client,false,false,,,,,,,0,0,,false,es,2017-02-01 01:59:35 +0000,2017-02-20 01:53:18 +0000,2017-02-20 01:53:18 +0000,
1038,3,7,826587385999872000,0,Twitter Web Client,false,false,,,,,,,0,0,,false,es,2017-02-01 00:26:04 +0000,2017-02-20 01:53:18 +0000,2017-02-20 01:53:18 +0000,
1039,3,7,826587573388771000,0,Twitter Web Client,false,false,,,,,,,7,1,,false,es,2017-02-01 00:26:49 +0000,2017-02-20 01:53:18 +0000,2017-02-20 01:53:18 +0000,
1042,3,7,826250041941717000,0,Twitter Web Client,false,false,,,,,,,0,0,,false,es,2017-01-31 02:05:35 +0000,2017-02-20 01:53:18 +0000,2017-02-20 01:53:18 +0000,
1040,3,7,826583285534978000,0,Twitter Web Client,false,false,,,,,,,0,1,,false,es,2017-02-01 00:09:47 +0000,2017-02-20 01:53:18 +0000,2017-02-20 01:53:18 +0000,
1044,3,7,825885405706850000,0,Twitter Web Client,false,false,,,,,,,2,1,,false,es,2017-01-30 01:56:39 +0000,2017-02-20 01:53:18 +0000,2017-02-20 01:53:18 +0000,
1045,3,7,825885253751423000,0,Twitter Web Client,false,false,,,,,,,1,0,,false,es,2017-01-30 01:56:03 +0000,2017-02-20 01:53:18 +0000,2017-02-20 01:53:18 +0000,
1046,3,7,825884149949010000,0,Twitter Web Client,false,false,,,,,,,1,0,,false,es,2017-01-30 01:51:40 +0000,2017-02-20 01:53:18 +0000,2017-02-20 01:53:18 +0000,
1047,3,7,826165255701139000,0,Twitter Web Client,false,false,,,,,,,0,0,,false,es,2017-01-30 20:28:41 +0000,2017-02-20 01:53:18 +0000,2017-02-20 01:53:18 +0000,
1043,3,7,826248214265393000,0,Twitter Web Client,false,false,,,,,,,2,1,,false,es,2017-01-31 01:58:19 +0000,2017-02-20 01:53:18 +0000,2017-02-20 01:53:18 +0000,
1048,3,7,825882644030358000,0,Twitter Web Client,false,false,,,,,,,1,3,,false,es,2017-01-30 01:45:41 +0000,2017-02-20 01:53:18 +0000,2017-02-20 01:53:18 +0000,
1049,3,7,825881711141585000,0,Twitter Web Client,false,false,,,,,,,0,0,,false,es,2017-01-30 01:41:58 +0000,2017-02-20 01:53:18 +0000,2017-02-20 01:53:18 +0000,
1050,3,7,825871224660189000,0,Twitter Web Client,false,false,,,,,,,0,10,,false,es,2017-01-30 01:00:18 +0000,2017-02-20 01:53:18 +0000,2017-02-20 01:53:18 +0000,
1051,3,7,825870137614021000,0,Twitter Web Client,false,false,,,,,,,0,4,,false,es,2017-01-30 00:55:59 +0000,2017-02-20 01:53:18 +0000,2017-02-20 01:53:18 +0000,
1053,3,7,825878673219867000,0,Twitter Web Client,false,false,,,,,,,3,0,,false,es,2017-01-30 01:29:54 +0000,2017-02-20 01:53:18 +0000,2017-02-20 01:53:18 +0000,
1054,3,7,825868611390685000,0,Twitter Web Client,false,false,,,,,,,2,3,,false,es,2017-01-30 00:49:55 +0000,2017-02-20 01:53:18 +0000,2017-02-20 01:53:18 +0000,
1055,3,7,826162307491316000,0,Twitter Web Client,false,false,,,,,,,0,0,,false,es,2017-01-30 20:16:58 +0000,2017-02-20 01:53:18 +0000,2017-02-20 01:53:18 +0000,
1052,3,7,825881387215495000,0,Twitter Web Client,false,false,,,,,,,1,1,,false,es,2017-01-30 01:40:41 +0000,2017-02-20 01:53:18 +0000,2017-02-20 01:53:18 +0000,
1057,3,7,825859936546599000,0,Twitter Web Client,false,false,,,,,,,1,0,,false,es,2017-01-30 00:15:27 +0000,2017-02-20 01:53:18 +0000,2017-02-20 01:53:18 +0000,
1056,3,7,825866255789851000,0,Twitter Web Client,false,false,,,,,,,14,29,,false,es,2017-01-30 00:40:33 +0000,2017-02-20 01:53:18 +0000,2017-02-20 01:53:18 +0000,
1058,3,7,825857976187703000,0,Twitter Web Client,false,false,,,,,,,0,5,,false,es,2017-01-30 00:07:39 +0000,2017-02-20 01:53:18 +0000,2017-02-20 01:53:18 +0000,
9109,3,11,827343684920283000,0,Twitter for Android,false,false,,,,,,,0,0,,false,und,2017-02-03 02:31:20 +0000,2017-02-20 01:54:57 +0000,2017-02-20 01:54:57 +0000,
9112,3,11,826335957649650000,0,Twitter Web Client,true,false,,,,,,,0,143,,false,und,2017-01-31 07:46:59 +0000,2017-02-20 01:54:57 +0000,2017-02-20 01:54:57 +0000,
2003,3,12,827527536968090000,0,Twitter for Android,true,false,,,,,,,0,1,,false,und,2017-02-03 14:41:54 +0000,2017-02-20 01:53:32 +0000,2017-02-20 01:53:31 +0000,
2004,3,12,827926927436575000,0,Twitter for Android,true,false,,,,,,,0,2,,false,es,2017-02-04 17:08:56 +0000,2017-02-20 01:53:32 +0000,2017-02-20 01:53:31 +0000,
2007,3,12,827525264540303000,0,Twitter for Android,false,false,,,,,,,0,0,,false,es,2017-02-03 14:32:52 +0000,2017-02-20 01:53:32 +0000,2017-02-20 01:53:31 +0000,
2009,3,12,827525025406255000,0,Twitter for Android,true,false,,,,,,,0,2,,false,es,2017-02-03 14:31:55 +0000,2017-02-20 01:53:32 +0000,2017-02-20 01:53:32 +0000,
2011,3,12,827522397561618000,0,Twitter for Android,true,false,,,,,,,0,5,,false,es,2017-02-03 14:21:28 +0000,2017-02-20 01:53:32 +0000,2017-02-20 01:53:32 +0000,
2015,3,12,827518640287281000,0,Twitter for Android,true,false,,,,,,,0,16,,false,es,2017-02-03 14:06:33 +0000,2017-02-20 01:53:32 +0000,2017-02-20 01:53:32 +0000,
2012,3,12,827518669567701000,0,Twitter for Android,true,false,,,,,,,0,10,,false,es,2017-02-03 14:06:40 +0000,2017-02-20 01:53:32 +0000,2017-02-20 01:53:32 +0000,
2019,3,12,827514028557816000,0,Twitter for Android,true,false,,,,,,,0,14,,false,es,2017-02-03 13:48:13 +0000,2017-02-20 01:53:32 +0000,2017-02-20 01:53:32 +0000,
2017,3,12,827514073323553000,0,Twitter for Android,true,false,,,,,,,0,15,,false,es,2017-02-03 13:48:24 +0000,2017-02-20 01:53:32 +0000,2017-02-20 01:53:32 +0000,
2021,3,12,827511791701864000,0,Twitter for Android,true,false,,,,,,,0,16,,false,es,2017-02-03 13:39:20 +0000,2017-02-20 01:53:32 +0000,2017-02-20 01:53:32 +0000,
2025,3,12,827507565110104000,0,Twitter for Android,false,false,,,,,,,1,16,,false,es,2017-02-03 13:22:32 +0000,2017-02-20 01:53:32 +0000,2017-02-20 01:53:32 +0000,
2027,3,12,827507214218834000,0,Twitter for Android,true,false,,,,,,,0,42,,false,es,2017-02-03 13:21:08 +0000,2017-02-20 01:53:32 +0000,2017-02-20 01:53:32 +0000,
2008,3,12,827858591650562000,0,Twitter for Android,true,false,,,,,,,0,562,,false,es,2017-02-04 12:37:23 +0000,2017-02-20 01:53:32 +0000,2017-02-20 01:53:31 +0000,
2005,3,12,827926995522687000,0,Twitter for Android,true,false,,,,,,,0,1,,false,es,2017-02-04 17:09:12 +0000,2017-02-20 01:53:32 +0000,2017-02-20 01:53:31 +0000,
2010,3,12,827522772804989000,0,Twitter for Android,true,false,,,,,,,0,12,,false,es,2017-02-03 14:22:58 +0000,2017-02-20 01:53:32 +0000,2017-02-20 01:53:32 +0000,
2014,3,12,827522782460273000,0,Twitter for Android,true,false,,,,,,,0,12,,false,es,2017-02-03 14:23:00 +0000,2017-02-20 01:53:32 +0000,2017-02-20 01:53:32 +0000,
2020,3,12,827514016742404000,0,Twitter for Android,true,false,,,,,,,0,14,,false,es,2017-02-03 13:48:10 +0000,2017-02-20 01:53:32 +0000,2017-02-20 01:53:32 +0000,
2024,3,12,827508508153303000,0,Twitter for Android,false,false,,,,,,,3,3,,false,und,2017-02-03 13:26:17 +0000,2017-02-20 01:53:32 +0000,2017-02-20 01:53:32 +0000,
2026,3,12,827511443838927000,0,Twitter for Android,false,false,,,,,,,1,16,,false,es,2017-02-03 13:37:57 +0000,2017-02-20 01:53:32 +0000,2017-02-20 01:53:32 +0000,
2032,3,12,827510207014195000,0,Twitter for Android,false,false,,,,,,,2,16,,false,es,2017-02-03 13:33:02 +0000,2017-02-20 01:53:32 +0000,2017-02-20 01:53:32 +0000,
2013,3,12,827518629096862000,0,Twitter for Android,true,false,,,,,,,0,15,,false,es,2017-02-03 14:06:30 +0000,2017-02-20 01:53:32 +0000,2017-02-20 01:53:32 +0000,
2016,3,12,827514083138232000,0,Twitter for Android,true,false,,,,,,,0,15,,false,es,2017-02-03 13:48:26 +0000,2017-02-20 01:53:32 +0000,2017-02-20 01:53:32 +0000,
2018,3,12,827514039156765000,0,Twitter for Android,true,false,,,,,,,0,16,,false,es,2017-02-03 13:48:16 +0000,2017-02-20 01:53:32 +0000,2017-02-20 01:53:32 +0000,
2023,3,12,827510319597642000,0,Twitter for Android,true,false,,,,,,,0,16,,false,es,2017-02-03 13:33:29 +0000,2017-02-20 01:53:32 +0000,2017-02-20 01:53:32 +0000,
2022,3,12,827510291420344000,0,Twitter for Android,true,false,,,,,,,0,16,,false,es,2017-02-03 13:33:22 +0000,2017-02-20 01:53:32 +0000,2017-02-20 01:53:32 +0000,
3057,3,6,827377159677186000,0,Twitter for iPhone,false,false,,,,,,,1,0,,false,es,2017-02-03 04:44:21 +0000,2017-02-20 01:53:46 +0000,2017-02-20 01:53:46 +0000,
3063,3,6,827352310116446000,0,Twitter for iPhone,false,false,,,,,,,2,1,,false,es,2017-02-03 03:05:36 +0000,2017-02-20 01:53:46 +0000,2017-02-20 01:53:46 +0000,
3065,3,6,826648422031651000,0,Twitter for Android,false,false,,,,,,,2,0,,false,es,2017-02-01 04:28:36 +0000,2017-02-20 01:53:46 +0000,2017-02-20 01:53:46 +0000,
3060,3,6,827353345438400000,0,Twitter for iPhone,true,false,,,,,,,0,213,,false,es,2017-02-03 03:09:43 +0000,2017-02-20 01:53:46 +0000,2017-02-20 01:53:46 +0000,
3072,3,6,826600035479646000,0,Twitter for Android,false,false,,,,,,,1,0,,false,es,2017-02-01 01:16:20 +0000,2017-02-20 01:53:46 +0000,2017-02-20 01:53:46 +0000,
3071,3,6,826275035245584000,0,Twitter for iPhone,false,false,,,,,,,0,0,,false,es,2017-01-31 03:44:54 +0000,2017-02-20 01:53:46 +0000,2017-02-20 01:53:46 +0000,
3078,3,6,826229415034106000,0,Twitter for iPhone,false,false,,,,,,,0,0,,false,es,2017-01-31 00:43:37 +0000,2017-02-20 01:53:46 +0000,2017-02-20 01:53:46 +0000,
3076,3,6,826260105108845000,0,Twitter for iPhone,false,false,,,,,,,0,0,,false,es,2017-01-31 02:45:34 +0000,2017-02-20 01:53:46 +0000,2017-02-20 01:53:46 +0000,
3085,3,6,825904654978519000,0,Twitter for iPhone,false,false,,,,,,,0,0,,false,und,2017-01-30 03:13:08 +0000,2017-02-20 01:53:46 +0000,2017-02-20 01:53:46 +0000,
3081,3,6,826270229844128000,0,Twitter for Android,false,false,,,,,,,0,0,,false,und,2017-01-31 03:25:48 +0000,2017-02-20 01:53:46 +0000,2017-02-20 01:53:46 +0000,
3088,3,6,825895632808317000,0,Twitter for Android,false,false,,,,,,,0,0,,false,en,2017-01-30 02:37:17 +0000,2017-02-20 01:53:46 +0000,2017-02-20 01:53:46 +0000,
3091,3,6,825873099245617000,0,Twitter for iPhone,false,false,,,,,,,0,0,,false,es,2017-01-30 01:07:45 +0000,2017-02-20 01:53:46 +0000,2017-02-20 01:53:46 +0000,
3053,3,6,827381337094972000,0,Twitter for iPhone,false,false,,,,,,,0,1,,false,es,2017-02-03 05:00:57 +0000,2017-02-20 01:53:46 +0000,2017-02-20 01:53:46 +0000,
3054,3,6,827377931362054000,0,Twitter for iPhone,false,false,,,,,,,1,0,,false,es,2017-02-03 04:47:25 +0000,2017-02-20 01:53:46 +0000,2017-02-20 01:53:46 +0000,
3062,3,6,827352799293952000,0,Twitter for iPhone,false,false,,,,,,,1,0,,false,es,2017-02-03 03:07:33 +0000,2017-02-20 01:53:46 +0000,2017-02-20 01:53:46 +0000,
3067,3,6,826632418929017000,0,Twitter for Android,false,false,,,,,,,0,1,,false,es,2017-02-01 03:25:01 +0000,2017-02-20 01:53:46 +0000,2017-02-20 01:53:46 +0000,
3058,3,6,827375074676077000,0,Twitter for iPhone,false,false,,,,,,,1,0,,false,es,2017-02-03 04:36:04 +0000,2017-02-20 01:53:46 +0000,2017-02-20 01:53:46 +0000,
3069,3,6,826607586015400000,0,Twitter for iPhone,false,false,,,,,,,1,0,,false,es,2017-02-01 01:46:20 +0000,2017-02-20 01:53:46 +0000,2017-02-20 01:53:46 +0000,
3074,3,6,826274472990802000,0,Twitter for iPhone,false,false,,,,,,,1,0,,false,es,2017-01-31 03:42:40 +0000,2017-02-20 01:53:46 +0000,2017-02-20 01:53:46 +0000,
3079,3,6,826223453552407000,0,TweetDeck,false,false,,,,,,,3,2,,false,es,2017-01-31 00:19:56 +0000,2017-02-20 01:53:46 +0000,2017-02-20 01:53:46 +0000,
3082,3,6,826212930999968000,0,TweetDeck,false,false,,,,,,,0,0,,false,es,2017-01-30 23:38:07 +0000,2017-02-20 01:53:46 +0000,2017-02-20 01:53:46 +0000,
3084,3,6,826111382085104000,0,Twitter for iPhone,false,false,,,,,,,0,0,,false,es,2017-01-30 16:54:36 +0000,2017-02-20 01:53:46 +0000,2017-02-20 01:53:46 +0000,
3087,3,6,825901062360035000,0,Twitter for Android,true,false,,,,,,,0,1333,,false,en,2017-01-30 02:58:52 +0000,2017-02-20 01:53:46 +0000,2017-02-20 01:53:46 +0000,
3089,3,6,825901245474992000,0,Twitter for Android,true,false,,,,,,,0,1582,,false,en,2017-01-30 02:59:36 +0000,2017-02-20 01:53:46 +0000,2017-02-20 01:53:46 +0000,
3093,3,6,825871077494649000,0,Twitter for iPhone,false,false,,,,,,,0,1,,false,es,2017-01-30 00:59:43 +0000,2017-02-20 01:53:46 +0000,2017-02-20 01:53:46 +0000,
3051,3,6,827391232351445000,0,Twitter for iPhone,false,false,,,,,,,1,0,,false,es,2017-02-03 05:40:16 +0000,2017-02-20 01:53:46 +0000,2017-02-20 01:53:46 +0000,
3052,3,6,827379937136960000,0,Twitter for iPhone,false,false,,,,,,,0,0,,false,en,2017-02-03 04:55:23 +0000,2017-02-20 01:53:46 +0000,2017-02-20 01:53:46 +0000,
3055,3,6,827379642898092000,0,Twitter for iPhone,false,false,,,,,,,0,0,,false,es,2017-02-03 04:54:13 +0000,2017-02-20 01:53:46 +0000,2017-02-20 01:53:46 +0000,
3056,3,6,827458092350710000,0,Twitter for Android,false,false,,,,,,,0,0,,false,es,2017-02-03 10:05:57 +0000,2017-02-20 01:53:46 +0000,2017-02-20 01:53:46 +0000,
3061,3,6,827377024570307000,0,Twitter for iPhone,false,false,,,,,,,1,0,,false,es,2017-02-03 04:43:49 +0000,2017-02-20 01:53:46 +0000,2017-02-20 01:53:46 +0000,
3059,3,6,827377852035199000,0,Twitter for iPhone,false,false,,,,,,,0,0,,false,und,2017-02-03 04:47:06 +0000,2017-02-20 01:53:46 +0000,2017-02-20 01:53:46 +0000,
3064,3,6,827322217860063000,0,Twitter for iPhone,true,false,,,,,,,0,7,,false,es,2017-02-03 01:06:02 +0000,2017-02-20 01:53:46 +0000,2017-02-20 01:53:46 +0000,
3066,3,6,827026168750670000,0,Twitter for iPhone,false,false,,,,,,,1,0,,false,es,2017-02-02 05:29:38 +0000,2017-02-20 01:53:46 +0000,2017-02-20 01:53:46 +0000,
3068,3,6,826592524093551000,0,Twitter for iPhone,true,false,,,,,,,0,375,,false,en,2017-02-01 00:46:29 +0000,2017-02-20 01:53:46 +0000,2017-02-20 01:53:46 +0000,
3070,3,6,826570825805464000,0,Twitter for iPhone,true,false,,,,,,,0,48,,false,en,2017-01-31 23:20:16 +0000,2017-02-20 01:53:46 +0000,2017-02-20 01:53:46 +0000,
3073,3,6,826646694720897000,0,Twitter for Android,false,false,,,,,,,1,0,,false,es,2017-02-01 04:21:45 +0000,2017-02-20 01:53:46 +0000,2017-02-20 01:53:46 +0000,
3075,3,6,826260697113907000,0,Twitter for iPhone,false,false,,,,,,,0,0,,false,pl,2017-01-31 02:47:56 +0000,2017-02-20 01:53:46 +0000,2017-02-20 01:53:46 +0000,
3077,3,6,826239612876095000,0,TweetDeck,true,false,,,,,,,0,26646,,false,en,2017-01-31 01:24:09 +0000,2017-02-20 01:53:46 +0000,2017-02-20 01:53:46 +0000,
3080,3,6,826221275282547000,0,TweetDeck,false,false,,,,,,,0,1,,false,es,2017-01-31 00:11:17 +0000,2017-02-20 01:53:46 +0000,2017-02-20 01:53:46 +0000,
3083,3,6,826203362165146000,0,Twitter Web Client,false,false,,,,,,,2,0,,false,en,2017-01-30 23:00:06 +0000,2017-02-20 01:53:46 +0000,2017-02-20 01:53:46 +0000,
3086,3,6,826130276229272000,0,Twitter for iPhone,true,false,,,,,,,0,11,,false,es,2017-01-30 18:09:41 +0000,2017-02-20 01:53:46 +0000,2017-02-20 01:53:46 +0000,
3090,3,6,825884689097511000,0,TweetDeck,true,false,,,,,,,0,595,,false,en,2017-01-30 01:53:48 +0000,2017-02-20 01:53:46 +0000,2017-02-20 01:53:46 +0000,
4247,3,10,827896551855030000,0,Twitter Web Client,true,false,,,,,,,0,1,,false,pt,2017-02-04 15:08:14 +0000,2017-02-20 01:53:59 +0000,2017-02-20 01:53:59 +0000,
4246,3,10,828013154500231000,0,IFTTT,false,false,,,,,,,2,1,,false,es,2017-02-04 22:51:34 +0000,2017-02-20 01:53:59 +0000,2017-02-20 01:53:59 +0000,
4252,3,10,827896314436387000,0,Twitter Web Client,false,false,,,,,,,1,0,,false,en,2017-02-04 15:07:17 +0000,2017-02-20 01:53:59 +0000,2017-02-20 01:53:59 +0000,
4255,3,10,827876495074865000,0,Twitter for Windows Phone,true,false,,,,,,,0,8,,false,es,2017-02-04 13:48:32 +0000,2017-02-20 01:53:59 +0000,2017-02-20 01:53:59 +0000,
4253,3,10,827896022181503000,0,Twitter Web Client,false,false,,,,,,,1,0,,false,en,2017-02-04 15:06:07 +0000,2017-02-20 01:53:59 +0000,2017-02-20 01:53:59 +0000,
4264,3,10,827500765237432000,0,Twitter for Windows Phone,false,false,,,,,,,14,14,,false,es,2017-02-03 12:55:31 +0000,2017-02-20 01:53:59 +0000,2017-02-20 01:53:59 +0000,
4266,3,10,827499970005762000,0,Twitter for Windows Phone,false,false,,,,,,,0,0,,false,es,2017-02-03 12:52:21 +0000,2017-02-20 01:53:59 +0000,2017-02-20 01:53:59 +0000,
4265,3,10,827661915325420000,0,Twitter for Windows Phone,true,false,,,,,,,0,3,,false,es,2017-02-03 23:35:52 +0000,2017-02-20 01:53:59 +0000,2017-02-20 01:53:59 +0000,
4272,3,10,827492540299485000,0,Twitter for Windows Phone,false,false,,,,,,,0,0,,false,es,2017-02-03 12:22:50 +0000,2017-02-20 01:53:59 +0000,2017-02-20 01:53:59 +0000,
4274,3,10,827491687731700000,0,Twitter for Windows Phone,true,false,,,,,,,0,6,,false,es,2017-02-03 12:19:27 +0000,2017-02-20 01:53:59 +0000,2017-02-20 01:53:59 +0000,
4276,3,10,827268366653985000,0,Twitter for Windows Phone,false,false,,,,,,,0,0,,false,und,2017-02-02 21:32:03 +0000,2017-02-20 01:53:59 +0000,2017-02-20 01:53:59 +0000,
4284,3,10,827006094283248000,0,Twitter for Windows Phone,true,false,,,,,,,0,1036,,false,es,2017-02-02 04:09:52 +0000,2017-02-20 01:53:59 +0000,2017-02-20 01:53:59 +0000,
4282,3,10,827010583761412000,0,Twitter for Windows Phone,false,false,,,,,,,2,2,,false,en,2017-02-02 04:27:42 +0000,2017-02-20 01:53:59 +0000,2017-02-20 01:53:59 +0000,
4279,3,10,827267535040963000,0,Twitter for Windows Phone,true,false,,,,,,,0,2,,false,es,2017-02-02 21:28:44 +0000,2017-02-20 01:53:59 +0000,2017-02-20 01:53:59 +0000,
4286,3,10,826987487688024000,0,Twitter for Windows Phone,true,false,,,,,,,0,553,,false,es,2017-02-02 02:55:56 +0000,2017-02-20 01:54:00 +0000,2017-02-20 01:54:00 +0000,
4290,3,10,826993721661129000,0,Twitter for Windows Phone,false,false,,,,,,,3,0,,false,es,2017-02-02 03:20:42 +0000,2017-02-20 01:54:00 +0000,2017-02-20 01:53:59 +0000,
4291,3,10,826949220242432000,0,Twitter for Windows Phone,false,false,,,,,,,0,0,,false,es,2017-02-02 00:23:52 +0000,2017-02-20 01:54:00 +0000,2017-02-20 01:54:00 +0000,
4297,3,10,826916594215481000,0,Twitter for Windows Phone,true,false,,,,,,,0,53,,false,es,2017-02-01 22:14:14 +0000,2017-02-20 01:54:00 +0000,2017-02-20 01:54:00 +0000,
4245,3,10,828026413622108000,0,Twitter for Windows Phone,false,false,,,,,,,0,0,,false,es,2017-02-04 23:44:15 +0000,2017-02-20 01:53:59 +0000,2017-02-20 01:53:59 +0000,
4249,3,10,827906997358060000,0,Twitter Web Client,false,false,,,,,,,0,0,,false,und,2017-02-04 15:49:44 +0000,2017-02-20 01:53:59 +0000,2017-02-20 01:53:59 +0000,
4250,3,10,827896407952650000,0,Twitter Web Client,false,false,,,,,,,0,0,,false,es,2017-02-04 15:07:39 +0000,2017-02-20 01:53:59 +0000,2017-02-20 01:53:59 +0000,
4257,3,10,827863496129810000,0,Twitter for Windows Phone,false,false,,,,,,,0,0,,false,und,2017-02-04 12:56:53 +0000,2017-02-20 01:53:59 +0000,2017-02-20 01:53:59 +0000,
4254,3,10,827876644153131000,0,Twitter for Windows Phone,false,false,,,,,,,0,0,,false,es,2017-02-04 13:49:07 +0000,2017-02-20 01:53:59 +0000,2017-02-20 01:53:59 +0000,
4260,3,10,827678092298682000,0,Twitter for Windows Phone,false,false,,,,,,,7,0,,false,es,2017-02-04 00:40:09 +0000,2017-02-20 01:53:59 +0000,2017-02-20 01:53:59 +0000,
4259,3,10,827682047367971000,0,Twitter for Windows Phone,false,false,,,,,,,0,0,,false,es,2017-02-04 00:55:52 +0000,2017-02-20 01:53:59 +0000,2017-02-20 01:53:59 +0000,
4263,3,10,827682168428167000,0,Twitter for Windows Phone,false,false,,,,,,,1,0,,false,und,2017-02-04 00:56:21 +0000,2017-02-20 01:53:59 +0000,2017-02-20 01:53:59 +0000,
4269,3,10,827683554826002000,0,Twitter for Windows Phone,false,false,,,,,,,0,0,,false,und,2017-02-04 01:01:51 +0000,2017-02-20 01:53:59 +0000,2017-02-20 01:53:59 +0000,
4268,3,10,827494366029693000,0,Twitter for Windows Phone,false,false,,,,,,,0,0,,false,es,2017-02-03 12:30:05 +0000,2017-02-20 01:53:59 +0000,2017-02-20 01:53:59 +0000,
4270,3,10,827494325357576000,0,Twitter for Windows Phone,true,false,,,,,,,0,7,,false,es,2017-02-03 12:29:55 +0000,2017-02-20 01:53:59 +0000,2017-02-20 01:53:59 +0000,
4278,3,10,827497719015014000,0,Twitter for Windows Phone,false,false,,,,,,,1,0,,false,es,2017-02-03 12:43:25 +0000,2017-02-20 01:53:59 +0000,2017-02-20 01:53:59 +0000,
4283,3,10,827006137862148000,0,Twitter for Windows Phone,true,false,,,,,,,0,4,,false,es,2017-02-02 04:10:02 +0000,2017-02-20 01:53:59 +0000,2017-02-20 01:53:59 +0000,
4280,3,10,827491679619920000,0,Twitter for Windows Phone,true,false,,,,,,,0,9,,false,es,2017-02-03 12:19:25 +0000,2017-02-20 01:53:59 +0000,2017-02-20 01:53:59 +0000,
4275,3,10,827273922236252000,0,Twitter for Windows Phone,true,false,,,,,,,0,3,,false,es,2017-02-02 21:54:07 +0000,2017-02-20 01:53:59 +0000,2017-02-20 01:53:59 +0000,
4285,3,10,826991122387976000,0,Twitter for Windows Phone,true,false,,,,,,,0,17,,false,es,2017-02-02 03:10:22 +0000,2017-02-20 01:53:59 +0000,2017-02-20 01:53:59 +0000,
4288,3,10,826987199568736000,0,Twitter for Windows Phone,true,false,,,,,,,0,355,,false,und,2017-02-02 02:54:47 +0000,2017-02-20 01:54:00 +0000,2017-02-20 01:54:00 +0000,
4292,3,10,826990793340645000,0,Twitter for Windows Phone,true,false,,,,,,,0,19,,false,es,2017-02-02 03:09:04 +0000,2017-02-20 01:54:00 +0000,2017-02-20 01:53:59 +0000,
4298,3,10,826979056134550000,0,Twitter for Windows Phone,false,false,,,,,,,0,0,,false,es,2017-02-02 02:22:26 +0000,2017-02-20 01:54:00 +0000,2017-02-20 01:54:00 +0000,
4300,3,10,826863509329891000,0,Twitter for Windows Phone,false,false,,,,,,,0,1,,false,es,2017-02-01 18:43:17 +0000,2017-02-20 01:54:00 +0000,2017-02-20 01:54:00 +0000,
4296,3,10,826912136983085000,0,Twitter for Windows Phone,true,false,,,,,,,0,2,,false,es,2017-02-01 21:56:31 +0000,2017-02-20 01:54:00 +0000,2017-02-20 01:54:00 +0000,
4303,3,10,826756643320906000,0,Twitter for Windows Phone,false,false,,,,,,,0,0,,false,es,2017-02-01 11:38:38 +0000,2017-02-20 01:54:00 +0000,2017-02-20 01:54:00 +0000,
4305,3,10,826634803533509000,0,Twitter for Windows Phone,true,false,,,,,,,0,1,,false,es,2017-02-01 03:34:29 +0000,2017-02-20 01:54:00 +0000,2017-02-20 01:54:00 +0000,
4306,3,10,826755490256396000,0,Twitter for Windows Phone,false,false,,,,,,,0,0,,false,es,2017-02-01 11:34:03 +0000,2017-02-20 01:54:00 +0000,2017-02-20 01:54:00 +0000,
4308,3,10,826634293141242000,0,Twitter for Windows Phone,true,false,,,,,,,0,491,,false,es,2017-02-01 03:32:28 +0000,2017-02-20 01:54:00 +0000,2017-02-20 01:54:00 +0000,
4310,3,10,826608951294833000,0,Twitter for Windows Phone,true,false,,,,,,,0,84498,,false,en,2017-02-01 01:51:46 +0000,2017-02-20 01:54:00 +0000,2017-02-20 01:54:00 +0000,
4313,3,10,826603529259324000,0,Twitter Web Client,true,false,,,,,,,0,5,,false,es,2017-02-01 01:30:13 +0000,2017-02-20 01:54:00 +0000,2017-02-20 01:54:00 +0000,
4317,3,10,826580980882403000,0,Twitter for Windows Phone,true,false,,,,,,,0,4,,false,es,2017-02-01 00:00:37 +0000,2017-02-20 01:54:00 +0000,2017-02-20 01:54:00 +0000,
4319,3,10,826632109284589000,0,Twitter for Windows Phone,true,false,,,,,,,0,13,,false,es,2017-02-01 03:23:47 +0000,2017-02-20 01:54:00 +0000,2017-02-20 01:54:00 +0000,
4323,3,10,826517225603465000,0,Twitter for Windows Phone,false,false,,,,,,,2,1,,false,es,2017-01-31 19:47:17 +0000,2017-02-20 01:54:00 +0000,2017-02-20 01:54:00 +0000,
4326,3,10,826249217396060000,0,Twitter for Windows Phone,false,false,,,,,,,0,0,,false,es,2017-01-31 02:02:19 +0000,2017-02-20 01:54:00 +0000,2017-02-20 01:54:00 +0000,
4328,3,10,826247132239819000,0,Twitter for Windows Phone,true,false,,,,,,,0,60,,false,es,2017-01-31 01:54:01 +0000,2017-02-20 01:54:00 +0000,2017-02-20 01:54:00 +0000,
4329,3,10,826249786969907000,0,Twitter for Windows Phone,true,false,,,,,,,0,1104,,false,en,2017-01-31 02:04:34 +0000,2017-02-20 01:54:00 +0000,2017-02-20 01:54:00 +0000,
4332,3,10,826241034300584000,0,Twitter for Windows Phone,true,false,,,,,,,0,1,,false,es,2017-01-31 01:29:48 +0000,2017-02-20 01:54:00 +0000,2017-02-20 01:54:00 +0000,
4330,3,10,826232459377377000,0,Twitter for Windows Phone,true,false,,,,,,,0,2,,false,es,2017-01-31 00:55:43 +0000,2017-02-20 01:54:00 +0000,2017-02-20 01:54:00 +0000,
4251,3,10,827907266569462000,0,Twitter Web Client,true,false,,,,,,,0,7,,false,es,2017-02-04 15:50:48 +0000,2017-02-20 01:53:59 +0000,2017-02-20 01:53:59 +0000,
4256,3,10,827863606213607000,0,Twitter for Windows Phone,false,false,,,,,,,0,0,,false,es,2017-02-04 12:57:19 +0000,2017-02-20 01:53:59 +0000,2017-02-20 01:53:59 +0000,
4258,3,10,827686020351148000,0,Twitter for Windows Phone,false,false,,,,,,,1,0,,false,es,2017-02-04 01:11:39 +0000,2017-02-20 01:53:59 +0000,2017-02-20 01:53:59 +0000,
4262,3,10,827669277771780000,0,Twitter for Windows Phone,false,false,,,,,,,0,0,,false,und,2017-02-04 00:05:07 +0000,2017-02-20 01:53:59 +0000,2017-02-20 01:53:59 +0000,
4261,3,10,827679606434038000,0,Twitter for Windows Phone,true,false,,,,,,,0,61,,false,es,2017-02-04 00:46:10 +0000,2017-02-20 01:53:59 +0000,2017-02-20 01:53:59 +0000,
4267,3,10,827499917438493000,0,Twitter for Windows Phone,true,false,,,,,,,0,12,,false,es,2017-02-03 12:52:09 +0000,2017-02-20 01:53:59 +0000,2017-02-20 01:53:59 +0000,
4271,3,10,827499989718954000,0,Twitter for Windows Phone,true,false,,,,,,,0,2,,false,es,2017-02-03 12:52:26 +0000,2017-02-20 01:53:59 +0000,2017-02-20 01:53:59 +0000,
4273,3,10,827491694744576000,0,Twitter for Windows Phone,true,false,,,,,,,0,10,,false,es,2017-02-03 12:19:28 +0000,2017-02-20 01:53:59 +0000,2017-02-20 01:53:59 +0000,
4277,3,10,827267974419485000,0,Twitter for Windows Phone,false,false,,,,,,,0,0,,false,en,2017-02-02 21:30:29 +0000,2017-02-20 01:53:59 +0000,2017-02-20 01:53:59 +0000,
4281,3,10,827014007861174000,0,Twitter for Windows Phone,false,false,,,,,,,0,1,,false,es,2017-02-02 04:41:19 +0000,2017-02-20 01:53:59 +0000,2017-02-20 01:53:59 +0000,
4289,3,10,826979771133346000,0,Twitter for Windows Phone,false,false,,,,,,,0,0,,false,es,2017-02-02 02:25:16 +0000,2017-02-20 01:54:00 +0000,2017-02-20 01:54:00 +0000,
4287,3,10,827267904739565000,0,Twitter for Windows Phone,false,false,,,,,,,1,0,,false,und,2017-02-02 21:30:13 +0000,2017-02-20 01:54:00 +0000,2017-02-20 01:53:59 +0000,
4293,3,10,826919119660409000,0,IFTTT,false,false,,,,,,,1,0,,false,es,2017-02-01 22:24:16 +0000,2017-02-20 01:54:00 +0000,2017-02-20 01:54:00 +0000,
4294,3,10,826916708359233000,0,Twitter for Windows Phone,true,false,,,,,,,0,3,,false,es,2017-02-01 22:14:41 +0000,2017-02-20 01:54:00 +0000,2017-02-20 01:54:00 +0000,
4295,3,10,826940877734023000,0,Twitter for Windows Phone,false,false,,,,,,,0,0,,false,es,2017-02-01 23:50:43 +0000,2017-02-20 01:54:00 +0000,2017-02-20 01:54:00 +0000,
4301,3,10,826770593123013000,0,Twitter for Windows Phone,true,false,,,,,,,0,1,,false,es,2017-02-01 12:34:04 +0000,2017-02-20 01:54:00 +0000,2017-02-20 01:54:00 +0000,
4302,3,10,826758300796592000,0,Twitter for Windows Phone,false,false,,,,,,,0,3,,false,es,2017-02-01 11:45:13 +0000,2017-02-20 01:54:00 +0000,2017-02-20 01:54:00 +0000,
4304,3,10,826770369944154000,0,Twitter for Windows Phone,true,false,,,,,,,0,4610,,false,en,2017-02-01 12:33:11 +0000,2017-02-20 01:54:00 +0000,2017-02-20 01:54:00 +0000,
4299,3,10,826884232387650000,0,Twitter for Windows Phone,true,false,,,,,,,0,1062,,false,en,2017-02-01 20:05:38 +0000,2017-02-20 01:54:00 +0000,2017-02-20 01:54:00 +0000,
4314,3,10,826598343933620000,0,Twitter for Windows Phone,true,false,,,,,,,0,543,,false,en,2017-02-01 01:09:37 +0000,2017-02-20 01:54:00 +0000,2017-02-20 01:54:00 +0000,
4316,3,10,826608634205463000,0,Twitter for Windows Phone,true,false,,,,,,,0,34728,,false,es,2017-02-01 01:50:30 +0000,2017-02-20 01:54:00 +0000,2017-02-20 01:54:00 +0000,
4318,3,10,826580699029324000,0,Twitter for Windows Phone,true,false,,,,,,,0,60,,false,en,2017-01-31 23:59:30 +0000,2017-02-20 01:54:00 +0000,2017-02-20 01:54:00 +0000,
4311,3,10,826604926587503000,0,Twitter Web Client,true,false,,,,,,,0,7,,false,es,2017-02-01 01:35:46 +0000,2017-02-20 01:54:00 +0000,2017-02-20 01:54:00 +0000,
4321,3,10,826580668889064000,0,Twitter for Windows Phone,true,false,,,,,,,0,3,,false,es,2017-01-31 23:59:23 +0000,2017-02-20 01:54:00 +0000,2017-02-20 01:54:00 +0000,
4322,3,10,826579156569829000,0,Twitter for Windows Phone,true,false,,,,,,,0,36,,false,en,2017-01-31 23:53:22 +0000,2017-02-20 01:54:00 +0000,2017-02-20 01:54:00 +0000,
4325,3,10,826578007041118000,0,Twitter for Windows Phone,true,false,,,,,,,0,5,,false,es,2017-01-31 23:48:48 +0000,2017-02-20 01:54:00 +0000,2017-02-20 01:54:00 +0000,
4336,3,10,826201690831516000,0,Twitter Web Client,false,false,,,,,,,1,0,,false,es,2017-01-30 22:53:27 +0000,2017-02-20 01:54:00 +0000,2017-02-20 01:54:00 +0000,
4338,3,10,826200394233684000,0,Twitter Web Client,false,false,,,,,,,0,0,,false,es,2017-01-30 22:48:18 +0000,2017-02-20 01:54:00 +0000,2017-02-20 01:54:00 +0000,
4341,3,10,826200177543377000,0,Twitter Web Client,false,false,,,,,,,0,0,,false,und,2017-01-30 22:47:27 +0000,2017-02-20 01:54:00 +0000,2017-02-20 01:54:00 +0000,
4348,3,10,825897608912765000,0,Twitter for Windows Phone,true,false,,,,,,,0,58,,false,es,2017-01-30 02:45:09 +0000,2017-02-20 01:54:00 +0000,2017-02-20 01:54:00 +0000,
4359,3,10,825881606636392000,0,Twitter for Windows Phone,true,false,,,,,,,0,40,,false,es,2017-01-30 01:41:33 +0000,2017-02-20 01:54:00 +0000,2017-02-20 01:54:00 +0000,
4353,3,10,825869327882650000,0,Twitter for Windows Phone,true,false,,,,,,,0,66,,false,es,2017-01-30 00:52:46 +0000,2017-02-20 01:54:00 +0000,2017-02-20 01:54:00 +0000,
4307,3,10,826634329644265000,0,Twitter for Windows Phone,true,false,,,,,,,0,14,,false,es,2017-02-01 03:32:36 +0000,2017-02-20 01:54:00 +0000,2017-02-20 01:54:00 +0000,
4309,3,10,826626068736070000,0,Twitter for Windows Phone,true,false,,,,,,,0,779,,false,es,2017-02-01 02:59:47 +0000,2017-02-20 01:54:00 +0000,2017-02-20 01:54:00 +0000,
4315,3,10,826589017110090000,0,Twitter for Windows Phone,true,false,,,,,,,0,4,,false,es,2017-02-01 00:32:33 +0000,2017-02-20 01:54:00 +0000,2017-02-20 01:54:00 +0000,
4312,3,10,826604715957969000,0,Twitter Web Client,true,false,,,,,,,0,1,,false,es,2017-02-01 01:34:56 +0000,2017-02-20 01:54:00 +0000,2017-02-20 01:54:00 +0000,
4320,3,10,826581003246375000,0,Twitter for Windows Phone,true,false,,,,,,,0,384,,false,es,2017-02-01 00:00:42 +0000,2017-02-20 01:54:00 +0000,2017-02-20 01:54:00 +0000,
4324,3,10,826578815921029000,0,Twitter for Windows Phone,true,false,,,,,,,0,2,,false,es,2017-01-31 23:52:01 +0000,2017-02-20 01:54:00 +0000,2017-02-20 01:54:00 +0000,
4327,3,10,826249172550566000,0,Twitter for Windows Phone,true,false,,,,,,,0,1273,,false,es,2017-01-31 02:02:08 +0000,2017-02-20 01:54:00 +0000,2017-02-20 01:54:00 +0000,
4331,3,10,826246764378325000,0,Twitter for Windows Phone,false,false,,,,,,,0,0,,false,es,2017-01-31 01:52:34 +0000,2017-02-20 01:54:00 +0000,2017-02-20 01:54:00 +0000,
4335,3,10,826202134320390000,0,Twitter Web Client,false,false,,,,,,,0,2,,false,es,2017-01-30 22:55:13 +0000,2017-02-20 01:54:00 +0000,2017-02-20 01:54:00 +0000,
4340,3,10,826201893865136000,0,Twitter Web Client,false,false,,,,,,,1,4,,false,und,2017-01-30 22:54:16 +0000,2017-02-20 01:54:00 +0000,2017-02-20 01:54:00 +0000,
4343,3,10,826199503074103000,0,Twitter Web Client,true,false,,,,,,,0,483,,false,es,2017-01-30 22:44:46 +0000,2017-02-20 01:54:00 +0000,2017-02-20 01:54:00 +0000,
4345,3,10,826120516201218000,0,Twitter for Windows Phone,true,false,,,,,,,0,13,,false,es,2017-01-30 17:30:54 +0000,2017-02-20 01:54:00 +0000,2017-02-20 01:54:00 +0000,
4346,3,10,825897860436783000,0,Twitter for Windows Phone,false,false,,,,,,,0,0,,false,und,2017-01-30 02:46:09 +0000,2017-02-20 01:54:00 +0000,2017-02-20 01:54:00 +0000,
4349,3,10,826060100548829000,0,Twitter for Windows Phone,false,false,,,,,,,1,0,,false,es,2017-01-30 13:30:50 +0000,2017-02-20 01:54:00 +0000,2017-02-20 01:54:00 +0000,
4350,3,10,825897258495439000,0,Twitter for Windows Phone,true,false,,,,,,,0,972,,false,es,2017-01-30 02:43:45 +0000,2017-02-20 01:54:00 +0000,2017-02-20 01:54:00 +0000,
4351,3,10,825897067855958000,0,Twitter for Windows Phone,true,false,,,,,,,0,3158,,false,es,2017-01-30 02:43:00 +0000,2017-02-20 01:54:00 +0000,2017-02-20 01:54:00 +0000,
4354,3,10,825885436560151000,0,Twitter for Windows Phone,true,false,,,,,,,0,1087,,false,es,2017-01-30 01:56:46 +0000,2017-02-20 01:54:00 +0000,2017-02-20 01:54:00 +0000,
4352,3,10,825869697845428000,0,Twitter for Windows Phone,true,false,,,,,,,0,22,,false,und,2017-01-30 00:54:14 +0000,2017-02-20 01:54:00 +0000,2017-02-20 01:54:00 +0000,
4333,3,10,826208174810214000,0,Twitter Web Client,true,false,,,,,,,0,7,,false,es,2017-01-30 23:19:13 +0000,2017-02-20 01:54:00 +0000,2017-02-20 01:54:00 +0000,
4334,3,10,826207445097775000,0, actitudes y valores @UCABSustentable https://t.co/D6jiFfMâ€¦,Twitter Web Client,true,false,,,,,,,0,7,,false,und,2017-01-30 23:16:19 +0000,2017-02-20 01:54:00 +0000,2017-02-20 01:54:00 +0000
4339,3,10,826200191841816000,0,Twitter Web Client,true,false,,,,,,,0,1,,false,es,2017-01-30 22:47:30 +0000,2017-02-20 01:54:00 +0000,2017-02-20 01:54:00 +0000,
4337,3,10,826249133522563000,0,Twitter for Windows Phone,false,false,,,,,,,0,0,,false,es,2017-01-31 02:01:59 +0000,2017-02-20 01:54:00 +0000,2017-02-20 01:54:00 +0000,
4344,3,10,826120988244992000,0,Twitter for Windows Phone,false,false,,,,,,,0,0,,false,es,2017-01-30 17:32:46 +0000,2017-02-20 01:54:00 +0000,2017-02-20 01:54:00 +0000,
4342,3,10,826201357162074000,0,Twitter Web Client,false,false,,,,,,,0,0,,false,es,2017-01-30 22:52:08 +0000,2017-02-20 01:54:00 +0000,2017-02-20 01:54:00 +0000,
4347,3,10,826120488372023000,0,Twitter for Windows Phone,true,false,,,,,,,0,10,,false,es,2017-01-30 17:30:47 +0000,2017-02-20 01:54:00 +0000,2017-02-20 01:54:00 +0000,
5029,3,5,827717760113328000,0,Twitter Web Client,false,false,,,,,,,0,1,,false,pt,2017-02-04 03:17:46 +0000,2017-02-20 01:54:09 +0000,2017-02-20 01:54:09 +0000,
5032,3,5,827231814750241000,0,Twitter for iPad,false,false,,,,,,,1,0,,false,es,2017-02-02 19:06:48 +0000,2017-02-20 01:54:09 +0000,2017-02-20 01:54:09 +0000,
5036,3,5,826921515627250000,0,Twitter for iPad,true,false,,,,,,,0,157,,false,es,2017-02-01 22:33:47 +0000,2017-02-20 01:54:10 +0000,2017-02-20 01:54:10 +0000,
5038,3,5,826965475510907000,0,Twitter Web Client,false,false,,,,,,,0,0,,false,es,2017-02-02 01:28:28 +0000,2017-02-20 01:54:10 +0000,2017-02-20 01:54:10 +0000,
5041,3,5,826101779402211000,0,Twitter Web Client,false,false,,,,,,,1,0,,false,es,2017-01-30 16:16:27 +0000,2017-02-20 01:54:10 +0000,2017-02-20 01:54:10 +0000,
5044,3,5,826588703330071000,0,Twitter for iPad,false,false,,,,,,,1,0,,false,es,2017-02-01 00:31:18 +0000,2017-02-20 01:54:10 +0000,2017-02-20 01:54:10 +0000,
5046,3,5,826003746463285000,0,Twitter for iPad,true,false,,,,,,,0,3348,,false,en,2017-01-30 09:46:54 +0000,2017-02-20 01:54:10 +0000,2017-02-20 01:54:10 +0000,
5049,3,5,825881523060621000,0,Twitter for iPad,false,false,,,,,,,0,0,,false,es,2017-01-30 01:41:13 +0000,2017-02-20 01:54:10 +0000,2017-02-20 01:54:10 +0000,
5035,3,5,826616649314865000,0,Twitter Web Client,false,false,,,,,,,0,0,,false,es,2017-02-01 02:22:21 +0000,2017-02-20 01:54:10 +0000,2017-02-20 01:54:10 +0000,
5040,3,5,826102119648334000,0,Twitter Web Client,false,false,,,,,,,0,0,,false,es,2017-01-30 16:17:48 +0000,2017-02-20 01:54:10 +0000,2017-02-20 01:54:10 +0000,
5045,3,5,826051109148095000,0,Twitter Web Client,true,false,,,,,,,0,405,,false,es,2017-01-30 12:55:06 +0000,2017-02-20 01:54:10 +0000,2017-02-20 01:54:10 +0000,
5048,3,5,825897206129508000,0,Twitter Web Client,false,false,,,,,,,1,0,,false,es,2017-01-30 02:43:33 +0000,2017-02-20 01:54:10 +0000,2017-02-20 01:54:10 +0000,
5050,3,5,825881375840539000,0,Twitter for iPad,false,false,,,,,,,0,0,,false,es,2017-01-30 01:40:38 +0000,2017-02-20 01:54:10 +0000,2017-02-20 01:54:10 +0000,
5051,3,5,825872295063388000,0,Twitter Web Client,false,false,,,,,,,0,0,,false,es,2017-01-30 01:04:33 +0000,2017-02-20 01:54:10 +0000,2017-02-20 01:54:10 +0000,
5028,3,5,828000551887573000,0,Twitter Web Client,false,false,,,,,,,1,0,,false,es,2017-02-04 22:01:29 +0000,2017-02-20 01:54:09 +0000,2017-02-20 01:54:09 +0000,
5030,3,5,827349864115749000,0,Twitter Web Client,false,false,,,,,,,0,1,,false,es,2017-02-03 02:55:53 +0000,2017-02-20 01:54:09 +0000,2017-02-20 01:54:09 +0000,
5031,3,5,827306230716723000,0,Twitter Web Client,true,false,,,,,,,0,7,,false,es,2017-02-03 00:02:30 +0000,2017-02-20 01:54:10 +0000,2017-02-20 01:54:09 +0000,
5034,3,5,826995333150409000,0,Twitter Web Client,true,false,,,,,,,0,250,,false,es,2017-02-02 03:27:06 +0000,2017-02-20 01:54:10 +0000,2017-02-20 01:54:09 +0000,
5037,3,5,826585231683703000,0,Twitter for iPad,false,false,,,,,,,5,2,,false,es,2017-02-01 00:17:31 +0000,2017-02-20 01:54:10 +0000,2017-02-20 01:54:10 +0000,
5039,3,5,826200955947479000,0,Twitter for iPad,false,false,,,,,,,0,0,,false,es,2017-01-30 22:50:32 +0000,2017-02-20 01:54:10 +0000,2017-02-20 01:54:10 +0000,
5042,3,5,826251553505935000,0, Mejor seguidor en twitter,false,false,,,,,,,2,0,,false,es,2017-01-31 02:11:36 +0000,2017-02-20 01:54:10 +0000,2017-02-20 01:54:10 +0000,
5047,3,5,825881650013815000,0,Twitter for iPad,false,false,,,,,,,0,0,,false,es,2017-01-30 01:41:44 +0000,2017-02-20 01:54:10 +0000,2017-02-20 01:54:10 +0000,
5043,3,5,826531080714985000,0,Twitter for iPad,true,false,,,,,,,0,194181,,false,en,2017-01-31 20:42:20 +0000,2017-02-20 01:54:10 +0000,2017-02-20 01:54:10 +0000,
5052,3,5,825856402367320000,0,Twitter for iPad,false,false,,,,,,,0,0,,false,es,2017-01-30 00:01:24 +0000,2017-02-20 01:54:10 +0000,2017-02-20 01:54:10 +0000,
6095,3,2,827918098829341000,0,Twitter Web Client,false,false,,,,,,,0,0,,false,es,2017-02-04 16:33:51 +0000,2017-02-20 01:54:21 +0000,2017-02-20 01:54:21 +0000,
6098,3,2,826998674588844000,0,Twitter Web Client,false,false,,,,,,,0,0,,false,und,2017-02-02 03:40:23 +0000,2017-02-20 01:54:21 +0000,2017-02-20 01:54:21 +0000,
6100,3,2,826938116091035000,0,Twitter Web Client,true,false,,,,,,,0,2429,,false,en,2017-02-01 23:39:45 +0000,2017-02-20 01:54:21 +0000,2017-02-20 01:54:21 +0000,
6102,3,2,826937117901218000,0,Twitter Web Client,true,false,,,,,,,0,169,,false,es,2017-02-01 23:35:47 +0000,2017-02-20 01:54:21 +0000,2017-02-20 01:54:21 +0000,
6105,3,2,826623974448722000,0,Twitter Web Client,false,false,,,,,,,0,0,,false,und,2017-02-01 02:51:28 +0000,2017-02-20 01:54:21 +0000,2017-02-20 01:54:21 +0000,
6113,3,2,826560952611004000,0,Twitter Web Client,true,false,,,,,,,0,868,,false,es,2017-01-31 22:41:02 +0000,2017-02-20 01:54:21 +0000,2017-02-20 01:54:21 +0000,
6116,3,2,826225548502385000,0,Twitter Web Client,true,false,,,,,,,0,1,,false,es,2017-01-31 00:28:15 +0000,2017-02-20 01:54:21 +0000,2017-02-20 01:54:21 +0000,
6119,3,2,825914969753481000,0,Twitter Web Client,false,false,,,,,,,2,0,,false,es,2017-01-30 03:54:08 +0000,2017-02-20 01:54:21 +0000,2017-02-20 01:54:21 +0000,
6123,3,2,825856983379087000,0,Twitter Web Client,false,false,,,,,,,1,0,,false,en,2017-01-30 00:03:43 +0000,2017-02-20 01:54:21 +0000,2017-02-20 01:54:21 +0000,
6115,3,2,826028576554250000,0,Twitter Web Client,true,false,,,,,,,0,546,,false,es,2017-01-30 11:25:34 +0000,2017-02-20 01:54:21 +0000,2017-02-20 01:54:21 +0000,
6120,3,2,825914843018437000,0,Twitter Web Client,false,false,,,,,,,4,0,,false,es,2017-01-30 03:53:37 +0000,2017-02-20 01:54:21 +0000,2017-02-20 01:54:21 +0000,
6088,3,2,827926608879186000,0,Twitter Web Client,true,false,,,,,,,0,802,,false,en,2017-02-04 17:07:40 +0000,2017-02-20 01:54:21 +0000,2017-02-20 01:54:21 +0000,
6092,3,2,827696052744491000,0,Twitter Web Client,true,false,,,,,,,0,8972,,false,en,2017-02-04 01:51:31 +0000,2017-02-20 01:54:21 +0000,2017-02-20 01:54:21 +0000,
6096,3,2,827382456579826000,0,Twitter Web Client,false,false,,,,,,,0,0,,false,es,2017-02-03 05:05:24 +0000,2017-02-20 01:54:21 +0000,2017-02-20 01:54:21 +0000,
6101,3,2,826937263548486000,0,Twitter Web Client,false,false,,,,,,,0,0,,false,es,2017-02-01 23:36:22 +0000,2017-02-20 01:54:21 +0000,2017-02-20 01:54:21 +0000,
6103,3,2,826850744791945000,0,Twitter Web Client,true,false,,,,,,,0,26,,false,es,2017-02-01 17:52:34 +0000,2017-02-20 01:54:21 +0000,2017-02-20 01:54:21 +0000,
6106,3,2,826569781977432000,0,Twitter Web Client,false,false,,,,,,,1,1,,false,es,2017-01-31 23:16:07 +0000,2017-02-20 01:54:21 +0000,2017-02-20 01:54:21 +0000,
6108,3,2,826561667848872000,0,AffinitweetCOM,false,false,,,,,,,0,0,,false,en,2017-01-31 22:43:53 +0000,2017-02-20 01:54:21 +0000,2017-02-20 01:54:21 +0000,
6111,3,2,826560694577484000,0,Twitter Web Client,true,false,,,,,,,0,4235,,false,es,2017-01-31 22:40:00 +0000,2017-02-20 01:54:21 +0000,2017-02-20 01:54:21 +0000,
6112,3,2,826560353945399000,0,Twitter Web Client,true,false,,,,,,,0,4,,false,es,2017-01-31 22:38:39 +0000,2017-02-20 01:54:21 +0000,2017-02-20 01:54:21 +0000,
6118,3,2,826264898619449000,0,Twitter Web Client,false,false,,,,,,,0,0,,false,und,2017-01-31 03:04:37 +0000,2017-02-20 01:54:21 +0000,2017-02-20 01:54:21 +0000,
6122,3,2,825882744270025000,0,Twitter Web Client,true,false,,,,,,,0,2,,false,en,2017-01-30 01:46:05 +0000,2017-02-20 01:54:21 +0000,2017-02-20 01:54:21 +0000,
6090,3,2,827919367732130000,0,Twitter Web Client,false,false,,,,,,,0,1,,false,es,2017-02-04 16:38:53 +0000,2017-02-20 01:54:21 +0000,2017-02-20 01:54:21 +0000,
6089,3,2,827921981446177000,0,Twitter Web Client,false,false,,,,,,,0,0,,false,nl,2017-02-04 16:49:17 +0000,2017-02-20 01:54:21 +0000,2017-02-20 01:54:21 +0000,
6097,3,2,827476719670010000,0,Twitter Web Client,false,false,,,,,,,0,0,,false,und,2017-02-03 11:19:58 +0000,2017-02-20 01:54:21 +0000,2017-02-20 01:54:21 +0000,
6094,3,2,827646461848453000,0,Twitter Web Client,false,false,,,,,,,2,1,,false,es,2017-02-03 22:34:28 +0000,2017-02-20 01:54:21 +0000,2017-02-20 01:54:21 +0000,
6099,3,2,827476418850390000,0,Twitter Web Client,true,false,,,,,,,0,25,,false,es,2017-02-03 11:18:46 +0000,2017-02-20 01:54:21 +0000,2017-02-20 01:54:21 +0000,
6104,3,2,826831454252446000,0,Twitter Web Client,true,false,,,,,,,0,1301,,false,und,2017-02-01 16:35:55 +0000,2017-02-20 01:54:21 +0000,2017-02-20 01:54:21 +0000,
6107,3,2,826561908002157000,0,Twitter Web Client,false,false,,,,,,,0,0,,false,en,2017-01-31 22:44:50 +0000,2017-02-20 01:54:21 +0000,2017-02-20 01:54:21 +0000,
6109,3,2,826561100699271000,0,Twitter Web Client,false,false,,,,,,,1,0,,false,es,2017-01-31 22:41:37 +0000,2017-02-20 01:54:21 +0000,2017-02-20 01:54:21 +0000,
6110,3,2,826560880150245000,0,Twitter Web Client,true,false,,,,,,,0,1494,,false,es,2017-01-31 22:40:45 +0000,2017-02-20 01:54:21 +0000,2017-02-20 01:54:21 +0000,
6121,3,2,825913417747792000,0,Twitter Web Client,false,false,,,,,,,1,0,,false,es,2017-01-30 03:47:58 +0000,2017-02-20 01:54:21 +0000,2017-02-20 01:54:21 +0000,
6117,3,2,826285385160462000,0,Twitter Web Client,true,false,,,,,,,0,1574,,false,en,2017-01-31 04:26:02 +0000,2017-02-20 01:54:21 +0000,2017-02-20 01:54:21 +0000,
6114,3,2,826560236685230000,0,Twitter Web Client,true,false,,,,,,,0,1,,false,es,2017-01-31 22:38:11 +0000,2017-02-20 01:54:21 +0000,2017-02-20 01:54:21 +0000,
6990,3,4,825883033802797000,0,Twitter for Android,true,false,,,,,,,0,5,,false,en,2017-01-30 01:47:14 +0000,2017-02-20 01:54:32 +0000,2017-02-20 01:54:32 +0000,
6992,3,4,825882221387059000,0,Twitter for Android,true,false,,,,,,,0,4,,false,en,2017-01-30 01:44:00 +0000,2017-02-20 01:54:32 +0000,2017-02-20 01:54:32 +0000,
6989,3,4,827504831883510000,0,Twitter for Android,true,false,,,,,,,0,16,,false,es,2017-02-03 13:11:40 +0000,2017-02-20 01:54:32 +0000,2017-02-20 01:54:32 +0000,
6991,3,4,825882302450377000,0,Twitter for Android,true,false,,,,,,,0,3266,,false,en,2017-01-30 01:44:19 +0000,2017-02-20 01:54:32 +0000,2017-02-20 01:54:32 +0000,
8049,3,3,826980575781220000,0,Spotify,false,false,,,,,,,0,0,,false,und,2017-02-02 02:28:28 +0000,2017-02-20 01:54:45 +0000,2017-02-20 01:54:45 +0000,
8051,3,3,826969918264508000,0,Spotify,false,false,,,,,,,0,0,,false,sv,2017-02-02 01:46:07 +0000,2017-02-20 01:54:45 +0000,2017-02-20 01:54:45 +0000,
8054,3,3,826810998157894000,0,Twitter Web Client,false,false,,,,,,,1,0,,false,es,2017-02-01 15:14:38 +0000,2017-02-20 01:54:45 +0000,2017-02-20 01:54:45 +0000,
8057,3,3,825912763809727000,0,Spotify,false,false,,,,,,,0,0,,false,en,2017-01-30 03:45:22 +0000,2017-02-20 01:54:45 +0000,2017-02-20 01:54:45 +0000,
8059,3,3,826068859648168000,0,Twitter for Android,true,false,,,,,,,0,1,,false,es,2017-01-30 14:05:38 +0000,2017-02-20 01:54:45 +0000,2017-02-20 01:54:45 +0000,
8064,3,3,825887988479623000,0,Twitter Web Client,false,false,,,,,,,0,0,,false,es,2017-01-30 02:06:55 +0000,2017-02-20 01:54:45 +0000,2017-02-20 01:54:45 +0000,
8048,3,3,828029116809101000,0,Twitter Web Client,true,false,,,,,,,0,25081,,false,en,2017-02-04 23:55:00 +0000,2017-02-20 01:54:45 +0000,2017-02-20 01:54:45 +0000,
8053,3,3,826815783716192000,0,Twitter for Android,true,false,,,,,,,0,157,,false,es,2017-02-01 15:33:38 +0000,2017-02-20 01:54:45 +0000,2017-02-20 01:54:45 +0000,
8050,3,3,826974099146732000,0,Spotify,false,false,,,,,,,0,0,,false,pl,2017-02-02 02:02:44 +0000,2017-02-20 01:54:45 +0000,2017-02-20 01:54:45 +0000,
8060,3,3,825905001507725000,0,Spotify,false,false,,,,,,,0,0,,false,en,2017-01-30 03:14:31 +0000,2017-02-20 01:54:45 +0000,2017-02-20 01:54:45 +0000,
8063,3,3,825893800908321000,0,Twitter for Android,false,false,,,,,,,0,0,,false,es,2017-01-30 02:30:01 +0000,2017-02-20 01:54:45 +0000,2017-02-20 01:54:45 +0000,
8056,3,3,826068648112640000,0,Twitter for Android,true,false,,,,,,,0,9,,false,es,2017-01-30 14:04:47 +0000,2017-02-20 01:54:45 +0000,2017-02-20 01:54:45 +0000,
8065,3,3,825886325228319000,0,Twitter Web Client,false,false,,,,,,,0,0,,false,es,2017-01-30 02:00:18 +0000,2017-02-20 01:54:45 +0000,2017-02-20 01:54:45 +0000,
8070,3,3,825878774524867000,0,Spotify,false,false,,,,,,,0,0,,false,en,2017-01-30 01:30:18 +0000,2017-02-20 01:54:45 +0000,2017-02-20 01:54:45 +0000,
8072,3,3,825857575841325000,0,Twitter Web Client,false,false,,,,,,,0,0,,false,und,2017-01-30 00:06:04 +0000,2017-02-20 01:54:45 +0000,2017-02-20 01:54:45 +0000,
8045,3,3,828030067964051000,0,Twitter Web Client,true,false,,,,,,,0,35,,false,und,2017-02-04 23:58:46 +0000,2017-02-20 01:54:45 +0000,2017-02-20 01:54:45 +0000,
8052,3,3,826971050835579000,0,Spotify,false,false,,,,,,,0,0,,false,en,2017-02-02 01:50:37 +0000,2017-02-20 01:54:45 +0000,2017-02-20 01:54:45 +0000,
8055,3,3,826072374038635000,0,Twitter for Android,false,false,,,,,,,1,0,,false,es,2017-01-30 14:19:36 +0000,2017-02-20 01:54:45 +0000,2017-02-20 01:54:45 +0000,
8061,3,3,825900096105640000,0,Twitter Web Client,false,false,,,,,,,0,0,,false,es,2017-01-30 02:55:02 +0000,2017-02-20 01:54:45 +0000,2017-02-20 01:54:45 +0000,
8062,3,3,825893037284929000,0,Twitter for Android,true,false,,,,,,,0,93,,false,pt,2017-01-30 02:26:59 +0000,2017-02-20 01:54:45 +0000,2017-02-20 01:54:45 +0000,
8058,3,3,825915658722484000,0,Spotify,false,false,,,,,,,0,0,,false,es,2017-01-30 03:56:52 +0000,2017-02-20 01:54:45 +0000,2017-02-20 01:54:45 +0000,
8066,3,3,825892321459896000,0,Twitter for Android,false,false,,,,,,,0,0,,false,es,2017-01-30 02:24:08 +0000,2017-02-20 01:54:45 +0000,2017-02-20 01:54:45 +0000,
8069,3,3,825861892296024000,0,Twitter Web Client,true,false,,,,,,,0,149,,false,en,2017-01-30 00:23:13 +0000,2017-02-20 01:54:45 +0000,2017-02-20 01:54:45 +0000,
8067,3,3,825886281351721000,0,Twitter Web Client,false,false,,,,,,,0,0,,false,es,2017-01-30 02:00:08 +0000,2017-02-20 01:54:45 +0000,2017-02-20 01:54:45 +0000,
8068,3,3,825892635764220000,0,Twitter for Android,false,false,,,,,,,1,0,,false,es,2017-01-30 02:25:23 +0000,2017-02-20 01:54:45 +0000,2017-02-20 01:54:45 +0000,
9102,3,11,827993724399534000,0,Twitter Web Client,false,false,,,,,,,2,0,,false,es,2017-02-04 21:34:21 +0000,2017-02-20 01:54:57 +0000,2017-02-20 01:54:57 +0000,
9101,3,11,827643326019035000,0,Twitter for Android,false,false,,,,,,,7,4,,false,es,2017-02-03 22:22:00 +0000,2017-02-20 01:54:57 +0000,2017-02-20 01:54:57 +0000,
9105,3,11,827641739464868000,0,Twitter for Android,true,false,,,,,,,0,4,,false,es,2017-02-03 22:15:42 +0000,2017-02-20 01:54:57 +0000,2017-02-20 01:54:57 +0000,
9107,3,11,826583174364987000,0,Twitter Web Client,false,false,,,,,,,0,0,,false,es,2017-02-01 00:09:20 +0000,2017-02-20 01:54:57 +0000,2017-02-20 01:54:57 +0000,
9108,3,11,826578606499447000,0,Twitter Web Client,true,false,,,,,,,0,17,,false,es,2017-01-31 23:51:11 +0000,2017-02-20 01:54:57 +0000,2017-02-20 01:54:57 +0000,
9096,3,11,828019844536795000,0,Twitter Web Client,true,false,,,,,,,0,1,,false,es,2017-02-04 23:18:09 +0000,2017-02-20 01:54:57 +0000,2017-02-20 01:54:57 +0000,
9098,3,11,827989352005386000,0,Twitter Web Client,false,false,,,,,,,0,0,,false,es,2017-02-04 21:16:59 +0000,2017-02-20 01:54:57 +0000,2017-02-20 01:54:57 +0000,
9100,3,11,827988640324342000,0,Twitter Web Client,false,false,,,,,,,0,0,,false,es,2017-02-04 21:14:09 +0000,2017-02-20 01:54:57 +0000,2017-02-20 01:54:57 +0000,
9103,3,11,827641375239844000,0,Twitter for Android,true,false,,,,,,,0,1,,false,en,2017-02-03 22:14:15 +0000,2017-02-20 01:54:57 +0000,2017-02-20 01:54:57 +0000,
9099,3,11,827989219788329000,0,Twitter Web Client,false,false,,,,,,,0,0,,false,es,2017-02-04 21:16:27 +0000,2017-02-20 01:54:57 +0000,2017-02-20 01:54:57 +0000,
9097,3,11,828024055676731000,0,Twitter Web Client,false,false,,,,,,,1,2,,false,es,2017-02-04 23:34:53 +0000,2017-02-20 01:54:57 +0000,2017-02-20 01:54:57 +0000,
9104,3,11,827641282960966000,0,Twitter for Android,true,false,,,,,,,0,1,,false,es,2017-02-03 22:13:53 +0000,2017-02-20 01:54:57 +0000,2017-02-20 01:54:57 +0000,
9106,3,11,827226994270151000,0,Twitter for Android,false,false,,,,,,,0,0,,false,en,2017-02-02 18:47:39 +0000,2017-02-20 01:54:57 +0000,2017-02-20 01:54:57 +0000,
9110,3,11,826576354871218000,0,Twitter Web Client,false,false,,,,,,,2,0,,false,es,2017-01-31 23:42:14 +0000,2017-02-20 01:54:57 +0000,2017-02-20 01:54:57 +0000,
9111,3,11,826344860680651000,0,Twitter Web Client,false,false,,,,,,,1,0,,false,en,2017-01-31 08:22:22 +0000,2017-02-20 01:54:57 +0000,2017-02-20 01:54:57 +0000,
9113,3,11,826345932635644000,0,Twitter Web Client,false,false,,,,,,,2,0,,false,en,2017-01-31 08:26:37 +0000,2017-02-20 01:54:57 +0000,2017-02-20 01:54:57 +0000,
10209,3,8,827993337017795000,0,Twitter Web Client,false,false,,,,,,,0,0,,false,es,2017-02-04 21:32:49 +0000,2017-02-20 01:55:09 +0000,2017-02-20 01:55:09 +0000,
10207,3,8,827994267511558000,0,Twitter Web Client,false,false,,,,,,,0,0,,false,es,2017-02-04 21:36:31 +0000,2017-02-20 01:55:09 +0000,2017-02-20 01:55:09 +0000,
10213,3,8,827981254159192000,0,Twitter Web Client,false,false,,,,,,,0,0,,false,es,2017-02-04 20:44:48 +0000,2017-02-20 01:55:09 +0000,2017-02-20 01:55:09 +0000,
10215,3,8,827983695910936000,0,Twitter Web Client,false,false,,,,,,,0,0,,false,es,2017-02-04 20:54:30 +0000,2017-02-20 01:55:09 +0000,2017-02-20 01:55:09 +0000,
10220,3,8,827959724486357000,0,Twitter Web Client,false,false,,,,,,,0,0,,false,es,2017-02-04 19:19:15 +0000,2017-02-20 01:55:09 +0000,2017-02-20 01:55:09 +0000,
10223,3,8,827958980957860000,0,Twitter Web Client,true,false,,,,,,,0,4,,false,es,2017-02-04 19:16:18 +0000,2017-02-20 01:55:09 +0000,2017-02-20 01:55:09 +0000,
10225,3,8,827968951552528000,0,Twitter Web Client,false,false,,,,,,,0,0,,false,es,2017-02-04 19:55:55 +0000,2017-02-20 01:55:09 +0000,2017-02-20 01:55:09 +0000,
10227,3,8,827670818406691000,0,Twitter Web Client,false,false,,,,,,,0,0,,false,es,2017-02-04 00:11:15 +0000,2017-02-20 01:55:09 +0000,2017-02-20 01:55:09 +0000,
10228,3,8,827668435937137000,0,Twitter Web Client,true,false,,,,,,,0,590,,false,es,2017-02-04 00:01:47 +0000,2017-02-20 01:55:09 +0000,2017-02-20 01:55:09 +0000,
10206,3,8,828010765516931000,0,Twitter Web Client,false,false,,,,,,,0,0,,false,es,2017-02-04 22:42:04 +0000,2017-02-20 01:55:09 +0000,2017-02-20 01:55:09 +0000,
10211,3,8,827993046709109000,0,Twitter Web Client,false,false,,,,,,,0,0,,false,es,2017-02-04 21:31:40 +0000,2017-02-20 01:55:09 +0000,2017-02-20 01:55:09 +0000,
10216,3,8,827979604241613000,0,Twitter Web Client,false,false,,,,,,,0,0,,false,es,2017-02-04 20:38:15 +0000,2017-02-20 01:55:09 +0000,2017-02-20 01:55:09 +0000,
10217,3,8,827979214808875000,0,Twitter Web Client,false,false,,,,,,,0,0,,false,es,2017-02-04 20:36:42 +0000,2017-02-20 01:55:09 +0000,2017-02-20 01:55:09 +0000,
10222,3,8,827942588921631000,0,Twitter Web Client,false,false,,,,,,,0,0,,false,en,2017-02-04 18:11:10 +0000,2017-02-20 01:55:09 +0000,2017-02-20 01:55:09 +0000,
10226,3,8,827673272842084000,0,Twitter Web Client,false,false,,,,,,,0,0,,false,es,2017-02-04 00:21:00 +0000,2017-02-20 01:55:09 +0000,2017-02-20 01:55:09 +0000,
10230,3,8,827661176179921000,0,Twitter Web Client,false,false,,,,,,,0,0,,false,pt,2017-02-03 23:32:56 +0000,2017-02-20 01:55:09 +0000,2017-02-20 01:55:09 +0000,
10236,3,8,827501172839875000,0,Twitter Web Client,false,false,,,,,,,0,0,,false,es,2017-02-03 12:57:08 +0000,2017-02-20 01:55:09 +0000,2017-02-20 01:55:09 +0000,
10239,3,8,826928168124703000,0,Twitter Web Client,false,false,,,,,,,0,0,,false,es,2017-02-01 23:00:13 +0000,2017-02-20 01:55:09 +0000,2017-02-20 01:55:09 +0000,
10232,3,8,827496337822331000,0,Twitter Web Client,false,false,,,,,,,0,0,,false,es,2017-02-03 12:37:55 +0000,2017-02-20 01:55:09 +0000,2017-02-20 01:55:09 +0000,
10245,3,8,826921980851061000,0,Twitter Web Client,true,false,,,,,,,0,17,,false,es,2017-02-01 22:35:38 +0000,2017-02-20 01:55:09 +0000,2017-02-20 01:55:09 +0000,
10267,3,8,826878488300966000,0,Twitter Web Client,false,false,,,,,,,0,0,,false,es,2017-02-01 19:42:48 +0000,2017-02-20 01:55:09 +0000,2017-02-20 01:55:09 +0000,
10270,3,8,826805498431279000,0,Twitter Web Client,true,false,,,,,,,0,19,,false,es,2017-02-01 14:52:46 +0000,2017-02-20 01:55:09 +0000,2017-02-20 01:55:09 +0000,
10208,3,8,827993648876880000,0,Twitter Web Client,true,false,,,,,,,0,1,,false,es,2017-02-04 21:34:03 +0000,2017-02-20 01:55:09 +0000,2017-02-20 01:55:09 +0000,
10212,3,8,827992568810070000,0,Twitter Web Client,true,false,,,,,,,0,33,,false,es,2017-02-04 21:29:46 +0000,2017-02-20 01:55:09 +0000,2017-02-20 01:55:09 +0000,
10214,3,8,827979758453584000,0,Twitter Web Client,true,false,,,,,,,0,2,,false,es,2017-02-04 20:38:52 +0000,2017-02-20 01:55:09 +0000,2017-02-20 01:55:09 +0000,
10218,3,8,827974071254122000,0,Twitter Web Client,true,false,,,,,,,0,122,,false,es,2017-02-04 20:16:16 +0000,2017-02-20 01:55:09 +0000,2017-02-20 01:55:09 +0000,
10221,3,8,827959481069879000,0,Twitter Web Client,true,false,,,,,,,0,2,,false,es,2017-02-04 19:18:17 +0000,2017-02-20 01:55:09 +0000,2017-02-20 01:55:09 +0000,
10219,3,8,827976948450214000,0,Twitter Web Client,true,false,,,,,,,0,26,,false,es,2017-02-04 20:27:42 +0000,2017-02-20 01:55:09 +0000,2017-02-20 01:55:09 +0000,
10224,3,8,827677978175889000,0,Twitter Web Client,false,false,,,,,,,0,0,,false,es,2017-02-04 00:39:42 +0000,2017-02-20 01:55:09 +0000,2017-02-20 01:55:09 +0000,
10229,3,8,827666163933012000,0,Twitter Web Client,true,false,,,,,,,0,1269,,false,es,2017-02-03 23:52:45 +0000,2017-02-20 01:55:09 +0000,2017-02-20 01:55:09 +0000,
10231,3,8,827502454652678000,0,Twitter Web Client,true,false,,,,,,,0,1,,false,es,2017-02-03 13:02:14 +0000,2017-02-20 01:55:09 +0000,2017-02-20 01:55:09 +0000,
10234,3,8,827321897360753000,0,Twitter Web Client,false,false,,,,,,,0,0,,false,es,2017-02-03 01:04:45 +0000,2017-02-20 01:55:09 +0000,2017-02-20 01:55:09 +0000,
10241,3,8,826926828933747000,0,Twitter Web Client,false,false,,,,,,,0,0,,false,es,2017-02-01 22:54:54 +0000,2017-02-20 01:55:09 +0000,2017-02-20 01:55:09 +0000,
10244,3,8,826921981119439000,0,Twitter Web Client,true,false,,,,,,,0,20,,false,es,2017-02-01 22:35:38 +0000,2017-02-20 01:55:09 +0000,2017-02-20 01:55:09 +0000,
10237,3,8,826931929849143000,0,Twitter Web Client,true,false,,,,,,,0,28,,false,es,2017-02-01 23:15:10 +0000,2017-02-20 01:55:09 +0000,2017-02-20 01:55:09 +0000,
10247,3,8,826921334634602000,0,Twitter Web Client,true,false,,,,,,,0,17,,false,es,2017-02-01 22:33:04 +0000,2017-02-20 01:55:09 +0000,2017-02-20 01:55:09 +0000,
10251,3,8,826907508170228000,0,Twitter Web Client,false,false,,,,,,,0,0,,false,es,2017-02-01 21:38:07 +0000,2017-02-20 01:55:09 +0000,2017-02-20 01:55:09 +0000,
10253,3,8,826904281831899000,0,Twitter Web Client,false,false,,,,,,,0,0,,false,es,2017-02-01 21:25:18 +0000,2017-02-20 01:55:09 +0000,2017-02-20 01:55:09 +0000,
10258,3,8,826879052300562000,0,Twitter Web Client,true,false,,,,,,,0,6,,false,es,2017-02-01 19:45:03 +0000,2017-02-20 01:55:09 +0000,2017-02-20 01:55:09 +0000,
10256,3,8,826879193082364000,0,Twitter Web Client,true,false,,,,,,,0,3,,false,es,2017-02-01 19:45:36 +0000,2017-02-20 01:55:09 +0000,2017-02-20 01:55:09 +0000,
10261,3,8,826878927905948000,0,Twitter Web Client,true,false,,,,,,,0,13,,false,es,2017-02-01 19:44:33 +0000,2017-02-20 01:55:09 +0000,2017-02-20 01:55:09 +0000,
10264,3,8,826878898621252000,0,Twitter Web Client,true,false,,,,,,,0,19,,false,es,2017-02-01 19:44:26 +0000,2017-02-20 01:55:09 +0000,2017-02-20 01:55:09 +0000,
10233,3,8,827501767806091000,0,Twitter Web Client,false,false,,,,,,,0,0,,false,es,2017-02-03 12:59:30 +0000,2017-02-20 01:55:09 +0000,2017-02-20 01:55:09 +0000,
10238,3,8,827192326695088000,0,Twitter Web Client,true,false,,,,,,,0,12,,false,es,2017-02-02 16:29:53 +0000,2017-02-20 01:55:09 +0000,2017-02-20 01:55:09 +0000,
10240,3,8,826927431101604000,0,Twitter Web Client,false,false,,,,,,,0,0,,false,es,2017-02-01 22:57:17 +0000,2017-02-20 01:55:09 +0000,2017-02-20 01:55:09 +0000,
10242,3,8,826921985238323000,0,Twitter Web Client,true,false,,,,,,,0,19,,false,es,2017-02-01 22:35:39 +0000,2017-02-20 01:55:09 +0000,2017-02-20 01:55:09 +0000,
10235,3,8,827319129187242000,0,Twitter Web Client,false,false,,,,,,,0,0,,false,es,2017-02-03 00:53:45 +0000,2017-02-20 01:55:09 +0000,2017-02-20 01:55:09 +0000,
10243,3,8,827495904299082000,0,Twitter Web Client,true,false,,,,,,,0,77,,false,es,2017-02-03 12:36:12 +0000,2017-02-20 01:55:09 +0000,2017-02-20 01:55:09 +0000,
10246,3,8,826921980830052000,0,Twitter Web Client,true,false,,,,,,,0,19,,false,es,2017-02-01 22:35:38 +0000,2017-02-20 01:55:09 +0000,2017-02-20 01:55:09 +0000,
10254,3,8,826906403948397000,0,Twitter Web Client,false,false,,,,,,,0,0,,false,es,2017-02-01 21:33:44 +0000,2017-02-20 01:55:09 +0000,2017-02-20 01:55:09 +0000,
10260,3,8,826878913867612000,0,Twitter Web Client,true,false,,,,,,,0,18,,false,es,2017-02-01 19:44:30 +0000,2017-02-20 01:55:09 +0000,2017-02-20 01:55:09 +0000,
10265,3,8,826878858645365000,0,Twitter Web Client,true,false,,,,,,,0,19,,false,es,2017-02-01 19:44:17 +0000,2017-02-20 01:55:09 +0000,2017-02-20 01:55:09 +0000,
10263,3,8,826878975444210000,0,Twitter Web Client,true,false,,,,,,,0,24,,false,es,2017-02-01 19:44:45 +0000,2017-02-20 01:55:09 +0000,2017-02-20 01:55:09 +0000,
10272,3,8,826603263529189000,0,Twitter Web Client,false,false,,,,,,,0,0,,false,es,2017-02-01 01:29:10 +0000,2017-02-20 01:55:09 +0000,2017-02-20 01:55:09 +0000,
10268,3,8,826873995102392000,0,Twitter Web Client,false,false,,,,,,,0,0,,false,es,2017-02-01 19:24:57 +0000,2017-02-20 01:55:09 +0000,2017-02-20 01:55:09 +0000,
10275,3,8,826601852468941000,0,Twitter Web Client,false,false,,,,,,,0,0,,false,es,2017-02-01 01:23:33 +0000,2017-02-20 01:55:10 +0000,2017-02-20 01:55:10 +0000,
10274,3,8,826602176927642000,0,Twitter Web Client,true,false,,,,,,,0,40,,false,es,2017-02-01 01:24:51 +0000,2017-02-20 01:55:10 +0000,2017-02-20 01:55:09 +0000,
10279,3,8,826481222108996000,0,Twitter Web Client,false,false,,,,,,,0,0,,false,es,2017-01-31 17:24:13 +0000,2017-02-20 01:55:10 +0000,2017-02-20 01:55:10 +0000,
10285,3,8,826157750338122000,0,Twitter Web Client,false,false,,,,,,,0,0,,false,es,2017-01-30 19:58:51 +0000,2017-02-20 01:55:10 +0000,2017-02-20 01:55:10 +0000,
10287,3,8,825865943268094000,0,Twitter Web Client,false,false,,,,,,,0,0,,false,es,2017-01-30 00:39:19 +0000,2017-02-20 01:55:10 +0000,2017-02-20 01:55:10 +0000,
10248,3,8,826921774378008000,0,Twitter Web Client,true,false,,,,,,,0,17,,false,es,2017-02-01 22:34:49 +0000,2017-02-20 01:55:09 +0000,2017-02-20 01:55:09 +0000,
10249,3,8,826920032521376000,0,Twitter Web Client,true,false,,,,,,,0,22,,false,es,2017-02-01 22:27:53 +0000,2017-02-20 01:55:09 +0000,2017-02-20 01:55:09 +0000,
10250,3,8,826906288370090000,0,Twitter Web Client,false,false,,,,,,,0,0,,false,es,2017-02-01 21:33:16 +0000,2017-02-20 01:55:09 +0000,2017-02-20 01:55:09 +0000,
10252,3,8,826904428036948000,0,Twitter Web Client,false,false,,,,,,,0,0,,false,es,2017-02-01 21:25:53 +0000,2017-02-20 01:55:09 +0000,2017-02-20 01:55:09 +0000,
10255,3,8,826879226645189000,0,Twitter Web Client,true,false,,,,,,,0,2,,false,es,2017-02-01 19:45:44 +0000,2017-02-20 01:55:09 +0000,2017-02-20 01:55:09 +0000,
10257,3,8,826879144369779000,0,Twitter Web Client,true,false,,,,,,,0,3,,false,es,2017-02-01 19:45:25 +0000,2017-02-20 01:55:09 +0000,2017-02-20 01:55:09 +0000,
10262,3,8,826879024467214000,0,Twitter Web Client,true,false,,,,,,,0,5,,false,es,2017-02-01 19:44:56 +0000,2017-02-20 01:55:09 +0000,2017-02-20 01:55:09 +0000,
10259,3,8,826879340658954000,0,Twitter Web Client,true,false,,,,,,,0,4,,false,es,2017-02-01 19:46:12 +0000,2017-02-20 01:55:09 +0000,2017-02-20 01:55:09 +0000,
10266,3,8,826878642491969000,0,Twitter Web Client,true,false,,,,,,,0,24,,false,es,2017-02-01 19:43:25 +0000,2017-02-20 01:55:09 +0000,2017-02-20 01:55:09 +0000,
10269,3,8,826876434870329000,0,Twitter Web Client,true,false,,,,,,,0,15,,false,es,2017-02-01 19:34:39 +0000,2017-02-20 01:55:09 +0000,2017-02-20 01:55:09 +0000,
10271,3,8,826603394454286000,0,Twitter Web Client,false,false,,,,,,,0,0,,false,es,2017-02-01 01:29:41 +0000,2017-02-20 01:55:09 +0000,2017-02-20 01:55:09 +0000,
10273,3,8,826604424168604000,0,Twitter Web Client,false,false,,,,,,,0,0,,false,es,2017-02-01 01:33:46 +0000,2017-02-20 01:55:09 +0000,2017-02-20 01:55:09 +0000,
10276,3,8,826264417385976000,0,Twitter Web Client,false,false,,,,,,,0,1,,false,es,2017-01-31 03:02:43 +0000,2017-02-20 01:55:10 +0000,2017-02-20 01:55:10 +0000,
10278,3,8,826261783711212000,0,Twitter Web Client,false,false,,,,,,,0,0,,false,es,2017-01-31 02:52:15 +0000,2017-02-20 01:55:10 +0000,2017-02-20 01:55:10 +0000,
10281,3,8,826259268743623000,0,Twitter Web Client,false,false,,,,,,,0,0,,false,und,2017-01-31 02:42:15 +0000,2017-02-20 01:55:10 +0000,2017-02-20 01:55:10 +0000,
10286,3,8,826055457181749000,0,Twitter Web Client,true,false,,,,,,,0,42,,false,es,2017-01-30 13:12:23 +0000,2017-02-20 01:55:10 +0000,2017-02-20 01:55:10 +0000,
10283,3,8,826159888745296000,0,Twitter Web Client,false,false,,,,,,,0,0,,false,tr,2017-01-30 20:07:21 +0000,2017-02-20 01:55:10 +0000,2017-02-20 01:55:10 +0000,
10288,3,8,825865669103219000,0,Twitter Web Client,false,false,,,,,,,0,0,,false,es,2017-01-30 00:38:14 +0000,2017-02-20 01:55:10 +0000,2017-02-20 01:55:10 +0000,
10277,3,8,826263768145470000,0,Twitter Web Client,false,false,,,,,,,0,3,,false,es,2017-01-31 03:00:08 +0000,2017-02-20 01:55:10 +0000,2017-02-20 01:55:10 +0000,
10280,3,8,826261252733288000,0,Twitter Web Client,false,false,,,,,,,0,1,,false,es,2017-01-31 02:50:08 +0000,2017-02-20 01:55:10 +0000,2017-02-20 01:55:10 +0000,
10282,3,8,826160177632121000,0,Twitter Web Client,true,false,,,,,,,0,3,,false,es,2017-01-30 20:08:30 +0000,2017-02-20 01:55:10 +0000,2017-02-20 01:55:10 +0000,
10284,3,8,826158001459458000,0,Twitter Web Client,true,false,,,,,,,0,2,,false,es,2017-01-30 19:59:51 +0000,2017-02-20 01:55:10 +0000,2017-02-20 01:55:10 +0000,
10290,3,8,825866133999850000,0,Twitter Web Client,false,false,,,,,,,0,0,,false,es,2017-01-30 00:40:04 +0000,2017-02-20 01:55:10 +0000,2017-02-20 01:55:10 +0000,
2006,3,12,828065000000000000,0,Twitter for Android,true,false,,,,,,,0,10,,false,es,2017-02-05 02:17:52 +0000,2017-02-20 01:53:32 +0000,2017-02-20 01:53:31 +0000,
3050,3,6,828084000000000000,0,Twitter for iPhone,false,false,,,,,,,0,0,,false,es,2017-02-05 03:34:13 +0000,2017-02-20 01:53:46 +0000,2017-02-20 01:53:46 +0000,
3049,3,6,828091000000000000,0,Twitter for iPhone,true,false,,,,,,,0,17,,false,es,2017-02-05 04:01:50 +0000,2017-02-20 01:53:46 +0000,2017-02-20 01:53:46 +0000,
4224,3,10,828382000000000000,0,Twitter Web Client,false,false,,,,,,,0,0,,false,es,2017-02-05 23:17:29 +0000,2017-02-20 01:53:59 +0000,2017-02-20 01:53:59 +0000,
4227,3,10,828383000000000000,0,Twitter Web Client,false,false,,,,,,,1,0,,false,en,2017-02-05 23:21:30 +0000,2017-02-20 01:53:59 +0000,2017-02-20 01:53:59 +0000,
4235,3,10,828219000000000000,0,Twitter for Windows Phone,true,false,,,,,,,0,5,,false,es,2017-02-05 12:29:10 +0000,2017-02-20 01:53:59 +0000,2017-02-20 01:53:59 +0000,
4229,3,10,828391000000000000,0,Twitter Web Client,true,false,,,,,,,0,3871,,false,en,2017-02-05 23:54:52 +0000,2017-02-20 01:53:59 +0000,2017-02-20 01:53:59 +0000,
4242,3,10,828048000000000000,0,Twitter for Windows Phone,false,false,,,,,,,0,0,,false,es,2017-02-05 01:11:03 +0000,2017-02-20 01:53:59 +0000,2017-02-20 01:53:59 +0000,
4240,3,10,828047000000000000,0,Twitter for Windows Phone,false,false,,,,,,,3,1,,false,en,2017-02-05 01:07:46 +0000,2017-02-20 01:53:59 +0000,2017-02-20 01:53:59 +0000,
4238,3,10,828050000000000000,0,Twitter for Windows Phone,false,false,,,,,,,0,0,,false,pt,2017-02-05 01:19:51 +0000,2017-02-20 01:53:59 +0000,2017-02-20 01:53:59 +0000,
4220,3,10,828392000000000000,0,Twitter Web Client,true,false,,,,,,,0,21334,,false,es,2017-02-05 23:57:53 +0000,2017-02-20 01:53:59 +0000,2017-02-20 01:53:59 +0000,
4223,3,10,828384000000000000,0,Twitter Web Client,true,false,,,,,,,0,4,,false,es,2017-02-05 23:23:36 +0000,2017-02-20 01:53:59 +0000,2017-02-20 01:53:59 +0000,
4225,3,10,828345000000000000,0,Twitter for Windows Phone,false,false,,,,,,,1,0,,false,und,2017-02-05 20:49:03 +0000,2017-02-20 01:53:59 +0000,2017-02-20 01:53:59 +0000,
4228,3,10,828262000000000000,0,Twitter for Windows Phone,false,false,,,,,,,0,0,,false,es,2017-02-05 15:19:32 +0000,2017-02-20 01:53:59 +0000,2017-02-20 01:53:59 +0000,
4231,3,10,828220000000000000,0,Twitter for Windows Phone,true,false,,,,,,,0,19,,false,es,2017-02-05 12:33:57 +0000,2017-02-20 01:53:59 +0000,2017-02-20 01:53:59 +0000,
4236,3,10,828219000000000000,0,Twitter for Windows Phone,true,false,,,,,,,0,5,,false,es,2017-02-05 12:29:05 +0000,2017-02-20 01:53:59 +0000,2017-02-20 01:53:59 +0000,
4233,3,10,828220000000000000,0,Twitter for Windows Phone,true,false,,,,,,,0,3,,false,es,2017-02-05 12:33:10 +0000,2017-02-20 01:53:59 +0000,2017-02-20 01:53:59 +0000,
4239,3,10,828048000000000000,0,Twitter for Windows Phone,false,false,,,,,,,4,3,,false,es,2017-02-05 01:11:46 +0000,2017-02-20 01:53:59 +0000,2017-02-20 01:53:59 +0000,
4241,3,10,828046000000000000,0,Twitter for Windows Phone,true,false,,,,,,,0,27,,false,es,2017-02-05 01:02:32 +0000,2017-02-20 01:53:59 +0000,2017-02-20 01:53:59 +0000,
4226,3,10,828272000000000000,0,Twitter for Windows Phone,true,false,,,,,,,0,496,,false,es,2017-02-05 16:00:22 +0000,2017-02-20 01:53:59 +0000,2017-02-20 01:53:59 +0000,
4230,3,10,828305000000000000,0,Twitter for Windows Phone,true,false,,,,,,,0,31,,false,es,2017-02-05 18:12:24 +0000,2017-02-20 01:53:59 +0000,2017-02-20 01:53:59 +0000,
4234,3,10,828219000000000000,0,Twitter for Windows Phone,true,false,,,,,,,0,49,,false,es,2017-02-05 12:29:51 +0000,2017-02-20 01:53:59 +0000,2017-02-20 01:53:59 +0000,
4232,3,10,828262000000000000,0,Twitter for Windows Phone,false,false,,,,,,,0,0,,false,und,2017-02-05 15:19:46 +0000,2017-02-20 01:53:59 +0000,2017-02-20 01:53:59 +0000,
4237,3,10,828196000000000000,0,Twitter for Windows Phone,true,false,,,,,,,0,12,,false,es,2017-02-05 10:58:33 +0000,2017-02-20 01:53:59 +0000,2017-02-20 01:53:59 +0000,
4243,3,10,828042000000000000,0,Twitter for Windows Phone,false,false,,,,,,,0,0,,false,en,2017-02-05 00:46:22 +0000,2017-02-20 01:53:59 +0000,2017-02-20 01:53:59 +0000,
4248,3,10,828062000000000000,0,Twitter for Windows Phone,true,false,,,,,,,0,11,,false,es,2017-02-05 02:04:40 +0000,2017-02-20 01:53:59 +0000,2017-02-20 01:53:59 +0000,
4244,3,10,828041000000000000,0,Twitter for Windows Phone,true,false,,,,,,,0,22,,false,es,2017-02-05 00:43:54 +0000,2017-02-20 01:53:59 +0000,2017-02-20 01:53:59 +0000,
5026,3,5,828083000000000000,0,Twitter Web Client,false,false,,,,,,,0,0,,false,es,2017-02-05 03:27:39 +0000,2017-02-20 01:54:09 +0000,2017-02-20 01:54:09 +0000,
6075,3,2,828326000000000000,0,Twitter Web Client,true,false,,,,,,,0,7,,false,es,2017-02-05 19:34:21 +0000,2017-02-20 01:54:21 +0000,2017-02-20 01:54:21 +0000,
6082,3,2,828272000000000000,0,Twitter Web Client,true,false,,,,,,,0,8,,false,es,2017-02-05 16:00:54 +0000,2017-02-20 01:54:21 +0000,2017-02-20 01:54:21 +0000,
6084,3,2,828107000000000000,0,Twitter Web Client,false,false,,,,,,,0,0,,false,und,2017-02-05 05:05:21 +0000,2017-02-20 01:54:21 +0000,2017-02-20 01:54:21 +0000,
6085,3,2,828260000000000000,0,Twitter Web Client,false,false,,,,,,,0,0,,false,es,2017-02-05 15:12:48 +0000,2017-02-20 01:54:21 +0000,2017-02-20 01:54:21 +0000,
6091,3,2,828068000000000000,0,Twitter Web Client,false,false,,,,,,,2,0,,false,es,2017-02-05 02:30:17 +0000,2017-02-20 01:54:21 +0000,2017-02-20 01:54:21 +0000,
6077,3,2,828297000000000000,0,Twitter Web Client,true,false,,,,,,,0,6,,false,es,2017-02-05 17:40:36 +0000,2017-02-20 01:54:21 +0000,2017-02-20 01:54:21 +0000,
6081,3,2,828073000000000000,0,Twitter Web Client,true,false,,,,,,,0,347,,false,es,2017-02-05 02:49:54 +0000,2017-02-20 01:54:21 +0000,2017-02-20 01:54:21 +0000,
6093,3,2,828065000000000000,0,Twitter Web Client,false,false,,,,,,,0,0,,false,es,2017-02-05 02:16:27 +0000,2017-02-20 01:54:21 +0000,2017-02-20 01:54:21 +0000,
6074,3,2,828326000000000000,0,Twitter Web Client,true,false,,,,,,,0,42,,false,es,2017-02-05 19:34:42 +0000,2017-02-20 01:54:21 +0000,2017-02-20 01:54:21 +0000,
6079,3,2,828297000000000000,0,Twitter Web Client,true,false,,,,,,,0,49,,false,und,2017-02-05 17:40:45 +0000,2017-02-20 01:54:21 +0000,2017-02-20 01:54:21 +0000,
6080,3,2,828259000000000000,0,Twitter Web Client,true,false,,,,,,,0,13,,false,es,2017-02-05 15:08:12 +0000,2017-02-20 01:54:21 +0000,2017-02-20 01:54:21 +0000,
6083,3,2,828107000000000000,0,Twitter Web Client,false,false,,,,,,,0,0,,false,es,2017-02-05 05:05:45 +0000,2017-02-20 01:54:21 +0000,2017-02-20 01:54:21 +0000,
6086,3,2,828067000000000000,0,Twitter Web Client,false,false,,,,,,,0,0,,false,es,2017-02-05 02:27:14 +0000,2017-02-20 01:54:21 +0000,2017-02-20 01:54:21 +0000,
6087,3,2,828066000000000000,0,Twitter Web Client,false,false,,,,,,,1,0,,false,es,2017-02-05 02:23:29 +0000,2017-02-20 01:54:21 +0000,2017-02-20 01:54:21 +0000,
6988,3,4,828289000000000000,0,Twitter Web Client,true,false,,,,,,,0,8,,false,en,2017-02-05 17:07:59 +0000,2017-02-20 01:54:32 +0000,2017-02-20 01:54:32 +0000,
8031,3,3,828360000000000000,0,Twitter for Android,false,false,,,,,,,0,0,,false,es,2017-02-05 21:48:14 +0000,2017-02-20 01:54:45 +0000,2017-02-20 01:54:45 +0000,
8032,3,3,828358000000000000,0,Twitter for Android,false,false,,,,,,,0,0,,false,es,2017-02-05 21:41:53 +0000,2017-02-20 01:54:45 +0000,2017-02-20 01:54:45 +0000,
8035,3,3,828357000000000000,0,Twitter for Android,true,false,,,,,,,0,673,,false,es,2017-02-05 21:36:02 +0000,2017-02-20 01:54:45 +0000,2017-02-20 01:54:45 +0000,
8037,3,3,828338000000000000,0,Twitter for Android,false,false,,,,,,,0,0,,false,es,2017-02-05 20:23:33 +0000,2017-02-20 01:54:45 +0000,2017-02-20 01:54:45 +0000,
8039,3,3,828287000000000000,0,Twitter Web Client,false,false,,,,,,,3,0,,false,es,2017-02-05 17:00:07 +0000,2017-02-20 01:54:45 +0000,2017-02-20 01:54:45 +0000,
8042,3,3,828117000000000000,0,Twitter Web Client,true,false,,,,,,,0,5,,false,es,2017-02-05 05:43:27 +0000,2017-02-20 01:54:45 +0000,2017-02-20 01:54:45 +0000,
8044,3,3,828038000000000000,0,Spotify,false,false,,,,,,,1,0,,false,en,2017-02-05 00:29:48 +0000,2017-02-20 01:54:45 +0000,2017-02-20 01:54:45 +0000,
8029,3,3,828360000000000000,0,Twitter for Android,false,false,,,,,,,1,0,,false,es,2017-02-05 21:51:35 +0000,2017-02-20 01:54:45 +0000,2017-02-20 01:54:45 +0000,
8033,3,3,828358000000000000,0,Twitter for Android,true,false,,,,,,,0,18,,false,en,2017-02-05 21:42:54 +0000,2017-02-20 01:54:45 +0000,2017-02-20 01:54:45 +0000,
8038,3,3,828323000000000000,0,Twitter for Android,true,false,,,,,,,0,7,,false,es,2017-02-05 19:23:39 +0000,2017-02-20 01:54:45 +0000,2017-02-20 01:54:45 +0000,
8043,3,3,828065000000000000,0,Spotify,false,false,,,,,,,0,0,,false,en,2017-02-05 02:16:27 +0000,2017-02-20 01:54:45 +0000,2017-02-20 01:54:45 +0000,
8046,3,3,828043000000000000,0,Spotify,false,false,,,,,,,0,0,,false,en,2017-02-05 00:48:56 +0000,2017-02-20 01:54:45 +0000,2017-02-20 01:54:45 +0000,
8030,3,3,828360000000000000,0,Twitter for Android,false,false,,,,,,,0,0,,false,es,2017-02-05 21:48:31 +0000,2017-02-20 01:54:45 +0000,2017-02-20 01:54:45 +0000,
8036,3,3,828337000000000000,0,Twitter for Android,false,false,,,,,,,0,0,,false,es,2017-02-05 20:19:37 +0000,2017-02-20 01:54:45 +0000,2017-02-20 01:54:45 +0000,
8040,3,3,828285000000000000,0,Twitter Web Client,false,false,,,,,,,0,0,,false,es,2017-02-05 16:52:39 +0000,2017-02-20 01:54:45 +0000,2017-02-20 01:54:45 +0000,
8034,3,3,828357000000000000,0,Twitter for Android,true,false,,,,,,,0,1482,,false,es,2017-02-05 21:38:01 +0000,2017-02-20 01:54:45 +0000,2017-02-20 01:54:45 +0000,
8041,3,3,828119000000000000,0,Spotify,false,false,,,,,,,0,0,,false,es,2017-02-05 05:50:14 +0000,2017-02-20 01:54:45 +0000,2017-02-20 01:54:45 +0000,
8047,3,3,828100000000000000,0,Spotify,false,false,,,,,,,0,0,,false,es,2017-02-05 04:38:01 +0000,2017-02-20 01:54:45 +0000,2017-02-20 01:54:45 +0000,
10187,3,8,828378000000000000,0,Twitter Web Client,false,false,,,,,,,0,0,,false,es,2017-02-05 23:01:26 +0000,2017-02-20 01:55:09 +0000,2017-02-20 01:55:09 +0000,
10190,3,8,828353000000000000,0,Twitter Web Client,false,false,,,,,,,0,0,,false,es,2017-02-05 21:21:32 +0000,2017-02-20 01:55:09 +0000,2017-02-20 01:55:09 +0000,
10195,3,8,828241000000000000,0,Twitter Web Client,false,false,,,,,,,0,0,,false,es,2017-02-05 13:57:54 +0000,2017-02-20 01:55:09 +0000,2017-02-20 01:55:09 +0000,
10198,3,8,828090000000000000,0,Twitter Web Client,false,false,,,,,,,0,0,,false,es,2017-02-05 03:55:26 +0000,2017-02-20 01:55:09 +0000,2017-02-20 01:55:09 +0000,
10204,3,8,828090000000000000,0,Twitter Web Client,false,false,,,,,,,0,0,,false,es,2017-02-05 03:57:37 +0000,2017-02-20 01:55:09 +0000,2017-02-20 01:55:09 +0000,
10201,3,8,828081000000000000,0,Twitter Web Client,false,false,,,,,,,0,0,,false,es,2017-02-05 03:20:15 +0000,2017-02-20 01:55:09 +0000,2017-02-20 01:55:09 +0000,
10194,3,8,828352000000000000,0,Twitter Web Client,false,false,,,,,,,0,0,,false,es,2017-02-05 21:19:48 +0000,2017-02-20 01:55:09 +0000,2017-02-20 01:55:09 +0000,
10193,3,8,828352000000000000,0,Twitter Web Client,false,false,,,,,,,0,0,,false,es,2017-02-05 21:18:22 +0000,2017-02-20 01:55:09 +0000,2017-02-20 01:55:09 +0000,
10202,3,8,828079000000000000,0,Twitter Web Client,false,false,,,,,,,0,0,,false,es,2017-02-05 03:13:00 +0000,2017-02-20 01:55:09 +0000,2017-02-20 01:55:09 +0000,
10191,3,8,828352000000000000,0,Twitter Web Client,false,false,,,,,,,0,0,,false,es,2017-02-05 21:18:45 +0000,2017-02-20 01:55:09 +0000,2017-02-20 01:55:09 +0000,
10189,3,8,828354000000000000,0,Twitter Web Client,true,false,,,,,,,0,1003,,false,es,2017-02-05 21:27:22 +0000,2017-02-20 01:55:09 +0000,2017-02-20 01:55:09 +0000,
10199,3,8,828083000000000000,0,Twitter Web Client,false,false,,,,,,,0,0,,false,es,2017-02-05 03:28:15 +0000,2017-02-20 01:55:09 +0000,2017-02-20 01:55:09 +0000,
10200,3,8,828081000000000000,0,Twitter Web Client,false,false,,,,,,,0,0,,false,es,2017-02-05 03:19:12 +0000,2017-02-20 01:55:09 +0000,2017-02-20 01:55:09 +0000,
10196,3,8,828352000000000000,0,Twitter Web Client,true,false,,,,,,,0,11,,false,es,2017-02-05 21:17:57 +0000,2017-02-20 01:55:09 +0000,2017-02-20 01:55:09 +0000,
10205,3,8,828077000000000000,0,Twitter Web Client,false,false,,,,,,,0,0,,false,es,2017-02-05 03:05:00 +0000,2017-02-20 01:55:09 +0000,2017-02-20 01:55:09 +0000,
10210,3,8,828082000000000000,0,Twitter Web Client,false,false,,,,,,,0,0,,false,es,2017-02-05 03:25:04 +0000,2017-02-20 01:55:09 +0000,2017-02-20 01:55:09 +0000,
10203,3,8,828078000000000000,0,Twitter Web Client,false,false,,,,,,,1,0,,false,es,2017-02-05 03:10:41 +0000,2017-02-20 01:55:09 +0000,2017-02-20 01:55:09 +0000,
10197,3,8,828241000000000000,0,Twitter Web Client,false,false,,,,,,,6,7,,false,es,2017-02-05 13:56:20 +0000,2017-02-20 01:55:09 +0000,2017-02-20 01:55:09 +0000,
